0.073261693120003,0.043832793831825,-0.032870072871447,0.035727068781853,0.1226002946496,0.16475674510002,0.18934930860996,-0.10562110692263,-0.078559957444668,0.041442524641752,-0.034685302525759,0.00048305589007214,0.098610900342464,-0.035380605608225,0.081071548163891,-0.096352592110634,-0.071109779179096,0.08593912422657,-0.022784000262618,0.029204674065113,0.12591542303562,-0.10712710767984,-0.016336346045136,0.14623357355595,0.093689523637295,-0.10576958209276,-0.24787358939648,-0.18052916228771,0.070228293538094,0.16443707048893,0.06428025662899,0.09205100685358,-0.17731377482414,0.039449520409107,0.11946420371532,0.0094048120081425,-0.07274229824543,-0.013901754282415,0.029081638902426,-0.16165120899677,0.068800322711468,-0.070012204349041,0.018359135836363,0.087017752230167,-0.12882687151432,0.00086874893167987,0.072969324886799,0.12813240289688,-0.053532965481281,-0.036590807139874,-0.0090884724631906,-0.030481906607747,0.050063766539097,-0.081048607826233,0.12260425835848,0.020486515015364,-0.064558386802673,0.20110091567039,-0.0062916111201048,-0.091679513454437,-0.029243083670735,0.077075354754925,0.13823290169239,-0.10607513040304,0.058199696242809,0.061100233346224,0.0066259200684726,-0.033434126526117,-0.13177198171616,0.015675531700253,-0.014624807983637,0.1770565956831,-0.062222294509411,0.012595009058714,-0.076617069542408,-0.012091285549104,-0.022336050868034,-0.036134354770184,0.12218698859215,0.10403457283974,0.0051270928233862,0.014412664808333,-0.034333623945713,-0.050443939864635,-0.010321975685656,-0.088110841810703,0.048055380582809,-0.006291578989476,0.033444579690695,0.042401261627674,0.1455702483654,-0.022415902465582,0.02049951814115,-0.084984362125397,-0.12427837401628,-0.11142272502184,-0.0029826008249074,0.07101034373045,0.065222084522247,-0.028601348400116,0.11518172174692,0.075246371328831,0.041086111217737,0.015514519996941,-0.1463025957346,0.061584737151861,-0.050933882594109,0.11083958297968,0.10936892777681,0.083521313965321,0.087863095104694,0.069717727601528,-0.14540372788906,-0.088060364127159,0.065959572792053,0.10857972502708,-0.022374924272299,-0.011929173022509,-0.027645662426949,0.14779302477837,0.033131532371044,-0.070245869457722,-0.045333191752434,0.075317442417145,-0.16535073518753,0.074705958366394,-0.025413354858756,-0.026116106659174
0.12673999369144,0.059331182390451,-0.051167964935303,0.071738295257092,0.14083252847195,0.16462443768978,0.19563995301723,-0.098443076014519,-0.1198076158762,0.037785563617945,-0.027994453907013,0.042708467692137,0.090796411037445,-0.078493513166904,0.069590799510479,-0.076303586363792,-0.04572806507349,0.081533893942833,-0.01803669705987,0.072129175066948,0.12171696871519,-0.06570877879858,-0.0056225145235658,0.14456920325756,0.075120232999325,-0.12566873431206,-0.24221107363701,-0.19683893024921,0.043568346649408,0.2169024348259,-0.00098134507425129,0.10175624489784,-0.16709731519222,0.055278584361076,0.10182197391987,-0.024961214512587,-0.046696323901415,-0.044058777391911,0.014154916629195,-0.13829164206982,0.04835419729352,-0.067121453583241,0.043032929301262,0.081405632197857,-0.15466929972172,0.044664330780506,0.1143739297986,0.088077083230019,-0.072600044310093,0.028702149167657,0.079481944441795,-0.013157790526748,0.0063900616951287,-0.047367483377457,0.14347818493843,-0.010626689530909,-0.044478911906481,0.14542229473591,0.014404074288905,-0.041715785861015,-0.0082045122981071,0.047989286482334,0.10214048624039,-0.14038947224617,0.063374742865562,-0.048265036195517,-0.00094638066366315,-0.052982814610004,-0.1351068764925,0.0096669932827353,0.001040662988089,0.18220518529415,-0.060442142188549,0.01973233371973,-0.097271174192429,0.025609454140067,-0.0024325200356543,-0.0030911618378013,0.10144565999508,0.12897002696991,0.022783422842622,0.001965912990272,-0.031358785927296,-0.018454197794199,0.012505661696196,-0.054834365844727,0.030633073300123,-0.047161631286144,0.0068754465319216,0.063539810478687,0.093517415225506,-0.043055634945631,-0.040817093104124,-0.065150499343872,-0.14798286557198,-0.1147216707468,0.026907293125987,0.055639207363129,0.06403262168169,-0.042617283761501,0.10600747168064,0.11447329819202,0.058955304324627,0.050339959561825,-0.16859477758408,0.027246281504631,-0.055977553129196,0.15756049752235,0.076105840504169,0.11218587309122,0.080979943275452,0.037600476294756,-0.13676503300667,-0.090335376560688,0.028455462306738,0.098220929503441,-0.0021233260631561,-0.025218220427632,-0.058088187128305,0.16014669835567,0.017658948898315,-0.030971260741353,-0.019811011850834,0.082223951816559,-0.10943548381329,0.053683131933212,0.012132971547544,-0.03950784355402
0.11936904489994,-0.012871198356152,-0.075818993151188,0.046796496957541,0.17544655501842,0.12733040750027,0.22234782576561,0.01581541262567,-0.042549278587103,-0.00073613005224615,-0.044639267027378,0.094484105706215,0.09388530254364,-0.17838329076767,-0.024606453254819,-0.01808506809175,-0.034566007554531,0.088302999734879,-0.11615292727947,0.082777217030525,0.18278200924397,-0.05706387758255,-0.054641555994749,0.18472431600094,0.0157251637429,-0.15343011915684,-0.2275011241436,-0.22125600278378,0.062791980803013,0.19395290315151,0.005065655335784,0.11275069415569,-0.17970409989357,0.056600119918585,0.031862627714872,-0.081199556589127,-0.070055283606052,-0.09621038287878,-0.011644751764834,-0.077445112168789,0.092306911945343,-0.028162304311991,0.039548825472593,0.098409965634346,-0.080133371055126,-0.047007899731398,0.076631940901279,0.046384833753109,-0.02602095156908,-0.00098356418311596,0.061995431780815,-0.10848359763622,-0.028015842661262,-0.079584456980228,0.06554813683033,0.0054273693822324,-0.046087335795164,0.14819321036339,-0.0064318138174713,0.0070887552574277,0.023821240290999,0.039310991764069,0.06840505450964,-0.09113984555006,0.0096321292221546,-0.14767806231976,-0.014746845699847,-0.082028701901436,-0.0906902551651,-0.087271854281425,-0.006299757398665,0.15894517302513,-0.051298871636391,-0.011747404932976,-0.13353304564953,0.074747666716576,0.01864418387413,0.066534869372845,0.048285435885191,0.10541442781687,0.018992265686393,0.020000033080578,-0.019920321181417,0.038314905017614,0.0089922286570072,0.044067598879337,0.08575502038002,-0.025333886966109,-0.050826594233513,-0.016857104375958,0.058922931551933,-0.045934837311506,-0.12143768370152,-0.038450159132481,-0.10556793957949,-0.031596139073372,-0.015657478943467,-0.013044572435319,-0.0092066694051027,0.030690021812916,0.083871386945248,0.0055835107341409,0.015819396823645,0.12960469722748,-0.13281984627247,-0.022996274754405,-0.071210443973541,0.16276076436043,-0.0043515134602785,0.091696105897427,0.03202984854579,0.007084546610713,-0.12716761231422,-0.08195873349905,-0.0058793029747903,0.12430503219366,-0.045638494193554,0.014004078693688,-0.098418809473515,0.13971789181232,-0.040491685271263,0.03901194408536,-0.052669994533062,0.075601600110531,-0.13217759132385,0.035108897835016,-0.14223845303059,-0.089597344398499
0.076926290988922,0.085447639226913,-0.062267515808344,0.064820349216461,0.10574582219124,0.16467103362083,0.18383425474167,-0.015258178114891,-0.039632067084312,0.035066891461611,-0.0079685831442475,0.059475287795067,0.11311187595129,-0.19626851379871,0.0356055945158,-0.027794810011983,-0.091001272201538,0.055022951215506,-0.11777566373348,0.087094016373158,0.11912160366774,-0.084100320935249,0.016021866351366,0.16319543123245,0.017132231965661,-0.17877461016178,-0.22926194965839,-0.23188416659832,0.040905259549618,0.15963323414326,0.041322275996208,0.10549857467413,-0.13894562423229,0.08833535015583,0.010035394690931,-0.043748583644629,-0.025943426415324,-0.056940861046314,-0.032894093543291,-0.0069396556355059,0.10361530631781,-0.11341691017151,0.037537723779678,0.083634354174137,-0.13836598396301,-0.06076380237937,0.12445666640997,0.054564520716667,-0.040124706923962,0.071646630764008,0.08784793317318,-0.097242154181004,-0.073909230530262,-0.035898607224226,0.060623694211245,0.017094263806939,-0.027933852747083,0.095466144382954,0.035168722271919,0.0030915061943233,-0.055045876652002,0.02975556999445,0.056727476418018,-0.16172656416893,0.044054064899683,-0.12783181667328,0.022739974781871,-0.12193910032511,-0.13071452081203,-0.032369509339333,-0.041246127337217,0.17687800526619,-0.05562737211585,0.077630758285522,-0.044021334499121,0.025175904855132,-0.0030120082665235,0.067334175109863,0.034829616546631,0.1256757825613,0.0044373031705618,-0.035055328160524,-0.011599776335061,0.061003345996141,-0.016682934015989,0.093687288463116,0.064485989511013,-0.072048500180244,-0.045398268848658,-0.0079240649938583,0.038001965731382,-0.094873279333115,-0.065604992210865,-0.090631730854511,-0.13115352392197,-0.076833687722683,-0.04095533490181,0.040316186845303,0.017037371173501,0.026802904903889,0.038359478116035,0.019497267901897,0.034931503236294,0.15038169920444,-0.079350031912327,-0.0050656939856708,-0.07310189306736,0.21534591913223,0.0092622386291623,0.092207752168179,-0.028087496757507,0.043510749936104,-0.097138017416,-0.083087995648384,-0.042815584689379,0.09110776335001,0.019206443801522,0.0077990479767323,-0.048105910420418,0.19276885688305,0.026647755876184,0.012944216839969,-0.05714500695467,0.12475823611021,-0.12141989916563,0.0077327266335487,-0.10240596532822,-0.012856820598245
0.043012373149395,0.010430300608277,-0.047871123999357,-0.0075784828513861,0.088407710194588,0.13313382863998,0.14842392504215,-0.050153400748968,-0.10936348885298,0.024876464158297,-0.07455663383007,0.038996819406748,0.12724709510803,-0.13996802270412,0.016514323651791,-0.036098375916481,-0.16298180818558,0.026025367900729,-0.064057409763336,0.080779165029526,0.13883365690708,-0.083378456532955,0.007264616433531,0.15338200330734,-0.0014540493721142,-0.046216040849686,-0.19202494621277,-0.25061768293381,0.058590102940798,0.15265594422817,-0.00097265170188621,0.066777937114239,-0.17327392101288,0.039206836372614,0.082816444337368,-0.032762046903372,-0.063882149755955,0.0076684304513037,-0.007799806073308,-0.08070369809866,0.059320293366909,-0.11044920235872,0.020747452974319,0.13276796042919,-0.10940118134022,0.012125974521041,0.1469251960516,0.10700865089893,-0.079860143363476,0.015295568853617,0.022272143512964,-0.12348138540983,0.018590960651636,-0.03803801164031,0.13418594002724,-0.0049280319362879,-0.012788251973689,0.15626440942287,0.02379197254777,-0.1054218634963,0.017741540446877,0.064189232885838,0.11959767341614,-0.02777954377234,0.049697797745466,-0.066482990980148,0.0088235288858414,-0.055884692817926,-0.053207211196423,-0.077676624059677,-0.068909704685211,0.14546784758568,-0.044398631900549,0.030332308262587,-0.039225708693266,0.0077441409230232,-0.06108259037137,0.033372342586517,0.12896610796452,0.16221192479134,0.077415250241756,-0.024441130459309,-0.044103045016527,-0.011751507408917,-0.048855185508728,-0.02153599075973,0.075478248298168,0.0075740227475762,0.0070792743936181,0.011205274611712,0.096474714577198,-0.015916774049401,-0.024747831746936,-0.069050766527653,-0.19239223003387,-0.053713649511337,-0.0045942235738039,0.089622333645821,0.080119803547859,-0.032766986638308,0.10514648258686,0.03141013905406,0.014974383637309,0.071626342833042,-0.12068975716829,-0.012887061573565,-0.10351553559303,0.19681471586227,0.024778507649899,0.085317045450211,0.070536248385906,0.099507391452789,-0.13802480697632,-0.11139679700136,-0.015764793381095,0.15780721604824,-0.056879818439484,-0.0042204698547721,-0.093926317989826,0.1242223456502,0.0027807157021016,-0.022805612534285,-0.014034957624972,0.049606874585152,-0.20654907822609,0.06417203694582,-0.12623727321625,-0.038127638399601
0.050053603947163,0.16627757251263,-0.10889722406864,-0.030003691092134,0.03898997604847,0.18046551942825,0.089877434074879,-0.13854092359543,-0.15727098286152,0.13599634170532,0.004102080129087,-0.050028845667839,0.11452248692513,-0.0660540163517,0.076188154518604,-0.011655442416668,-0.094829767942429,0.042528755962849,0.0099512152373791,0.019976872950792,0.030970223248005,-0.052024181932211,0.033136285841465,0.085333704948425,0.029449716210365,-0.0028931959532201,-0.1351792961359,-0.17364145815372,0.13200670480728,0.13395404815674,0.0081832222640514,0.10300040990114,-0.16067723929882,-0.0018075632397085,0.090298973023891,0.022969188168645,-0.048163052648306,0.026919757947326,0.060789473354816,-0.045102335512638,-0.010103615000844,-0.13661517202854,-0.011361591517925,0.12955810129642,-0.1339810192585,0.10527407377958,0.16019174456596,0.16828013956547,-0.1562233120203,-0.016366895288229,0.061381611973047,0.062952570617199,-0.0077645960263908,-0.061733093112707,0.063637115061283,0.00015525608614553,0.014911544509232,0.15221552550793,0.074053101241589,-0.10459607094526,-0.06362397223711,0.05679427832365,0.18568280339241,-0.083403497934341,0.044755924493074,0.014065772294998,0.026704624295235,-0.0039979750290513,-0.0748540610075,0.052236791700125,-0.049654494971037,0.1488201469183,-0.060192439705133,0.067120864987373,0.017041536048055,-0.074300333857536,-0.084064178168774,0.03519294038415,0.090010054409504,0.11659476161003,0.10107073187828,-0.001458196900785,-0.06146489828825,-0.06254568696022,-0.03815932944417,-0.048938639461994,-0.0092222616076469,-0.064230814576149,0.037001669406891,0.055353779345751,0.091447360813618,0.001457337057218,-0.014738062396646,-0.078896686434746,-0.11177401989698,-0.10901591926813,0.042886234819889,0.13997215032578,0.097036138176918,-0.089885011315346,0.093534529209137,0.10370916873217,0.048225462436676,0.057101365178823,-0.15630669891834,0.040078565478325,-0.079796850681305,0.17092995345592,0.11935360729694,0.068309508264065,0.11162690073252,0.13836528360844,-0.085303373634815,-0.084973752498627,0.019767204299569,0.068671949207783,-0.055209383368492,-0.058098286390305,0.0057504703290761,0.11034017056227,0.067213535308838,-0.11470672488213,0.04045320302248,0.065379321575165,-0.15970149636269,0.046878956258297,-0.044326175004244,-0.0016663671704009
0.010422494262457,0.10471937805414,-0.042782481759787,0.0076509951613843,0.073774859309196,0.1618682295084,0.10837514698505,-0.13242770731449,-0.12015306949615,0.1075597256422,-0.021937392652035,-0.026801289990544,0.097884073853493,-0.085374221205711,0.06817002594471,-0.023818509653211,-0.13286477327347,0.082507081329823,0.0031744020525366,0.020586865022779,0.10908647626638,-0.10278198868036,0.034173980355263,0.10179847478867,0.072352565824986,-0.027376079931855,-0.18670645356178,-0.21557435393333,0.11587401479483,0.13804718852043,0.039543338119984,0.07536830753088,-0.13999155163765,-0.003380318870768,0.14442875981331,0.0051186997443438,-0.076061904430389,0.02341428771615,0.03757606819272,-0.13583888113499,0.025132544338703,-0.12861892580986,0.01065728534013,0.1368693113327,-0.13855315744877,0.051850073039532,0.14343355596066,0.140300989151,-0.12939946353436,-0.058008600026369,0.027041457593441,-0.010713658295572,0.035318177193403,-0.08855826407671,0.10405217111111,0.023671980947256,0.0010149669833481,0.14747919142246,0.034893684089184,-0.12611398100853,-0.034058377146721,0.043392308056355,0.1664200425148,-0.051067624241114,0.10772186517715,0.033943831920624,-0.020135179162025,-0.024553647264838,-0.087415441870689,0.044311936944723,-0.048947084695101,0.15950645506382,-0.063281506299973,-0.0037030335515738,-0.02744884043932,-0.050618577748537,-0.085805721580982,0.025618175044656,0.11177802085876,0.11893585324287,0.043785896152258,-0.001028879894875,-0.049295295029879,-0.036351900547743,-0.046078894287348,-0.086930632591248,0.023943427950144,0.0020918794907629,0.037318870425224,0.050175238400698,0.10520008951426,0.019183984026313,-0.010622628964484,-0.082631476223469,-0.14530524611473,-0.10607740283012,0.0064961714670062,0.15036469697952,0.084075108170509,-0.067025654017925,0.12601353228092,0.077945254743099,0.041605740785599,-0.0097118988633156,-0.1064215451479,0.035845547914505,-0.037574592977762,0.1474361717701,0.143480271101,0.06736709177494,0.070807069540024,0.11260391026735,-0.11184535175562,-0.11118397116661,0.068559028208256,0.099708549678326,-0.069727167487144,-0.029324801638722,-0.023692963644862,0.12740741670132,0.052547615021467,-0.093434080481529,-0.01789135299623,0.038466021418571,-0.1650512367487,0.094723835587502,-0.020680449903011,0.0080216629430652
0.071009404957294,0.060361325740814,-0.062115676701069,0.06447846442461,0.12362050265074,0.18778812885284,0.16596038639545,-0.1313469260931,-0.065446995198727,0.063804462552071,-0.0010031721321866,0.00061136821750551,0.069311149418354,-0.034005999565125,0.072400383651257,-0.081786900758743,-0.077192686498165,0.12986245751381,0.0024169506505132,-0.00053385586943477,0.13392260670662,-0.099121280014515,-0.008356305770576,0.12473132461309,0.11718910187483,-0.10419370234013,-0.24137099087238,-0.19171330332756,0.0662781894207,0.17837449908257,0.065080709755421,0.11158908158541,-0.17303927242756,0.019880911335349,0.11805484443903,0.03157352656126,-0.10161507129669,-0.056547313928604,0.037670955061913,-0.14413709938526,0.067426718771458,-0.062176629900932,-0.00075808673864231,0.10672640055418,-0.14669314026833,-0.0077478438615799,0.076488614082336,0.11250983923674,-0.049684710800648,-0.059446148574352,0.024292664602399,0.020320858806372,0.029777316376567,-0.089469142258167,0.10917598009109,0.039793003350496,-0.030852507799864,0.18000835180283,0.010775932110846,-0.068817995488644,-0.040553759783506,0.057529620826244,0.15484054386616,-0.11206608265638,0.06625384837389,0.030944818630815,0.0086008664220572,-0.025968132540584,-0.10296868532896,0.095976524055004,0.0090313795953989,0.20595425367355,-0.05371617898345,-0.00061281456146389,-0.10082399100065,-0.028338370844722,-0.046763982623816,-0.020508963614702,0.059545446187258,0.07258540391922,-0.0058853491209447,0.0580591596663,-0.029287220910192,-0.044850870966911,-0.030215000733733,-0.057760413736105,0.046560142189264,-0.030931375920773,0.019817242398858,0.034537080675364,0.12615782022476,-0.014079187065363,-0.014111106283963,-0.10719899088144,-0.099557772278786,-0.12776303291321,-0.015694156289101,0.075863026082516,0.064075171947479,-0.023865727707744,0.11955071985722,0.083871431648731,0.071601375937462,-0.0067697237245739,-0.12853227555752,0.062644556164742,-0.040758341550827,0.096071280539036,0.10898980498314,0.10333640873432,0.07320661842823,0.052355270832777,-0.132353708148,-0.11121392995119,0.083534181118011,0.089369378983974,-0.0009651459986344,-0.047927986830473,0.010303967632353,0.13239167630672,0.068945087492466,-0.07783404737711,-0.027451295405626,0.06967394053936,-0.14997588098049,0.079875752329826,0.01483877748251,0.024335479363799
-0.011751981452107,0.039024766534567,-0.029929140582681,0.076773248612881,0.075262397527695,0.12997080385685,0.11043690890074,-0.12775655090809,-0.0504967905581,0.074447676539421,-0.032428551465273,0.006012118421495,0.062049619853497,-0.081218309700489,0.028345733880997,-0.030621765181422,-0.12683969736099,0.066022574901581,0.040020063519478,0.041859086602926,0.1410915851593,-0.16913177073002,0.019400164484978,0.099063843488693,0.099459357559681,-0.0066760564222932,-0.22478890419006,-0.23471570014954,0.094776391983032,0.12845832109451,0.082725822925568,0.11231668293476,-0.11418987810612,-0.020488265901804,0.13362170755863,0.018228763714433,-0.077440977096558,0.044844254851341,0.040606964379549,-0.19137844443321,0.061671998351812,-0.10748469829559,0.0018859615083784,0.092389427125454,-0.11518029868603,-0.019653469324112,0.11781118065119,0.087678641080856,-0.042146433144808,-0.10083540529013,-0.020807459950447,-0.0023872966412455,0.086145214736462,-0.084970444440842,0.15865562856197,0.031738992780447,0.021075338125229,0.11395166069269,0.0044501386582851,-0.14205449819565,-0.028685206547379,0.018229177221656,0.15303300321102,-0.061320073902607,0.11704766005278,0.071920558810234,-0.0013055013259873,-0.044168546795845,-0.061219040304422,0.0419792085886,-0.055116046220064,0.17503154277802,-0.081922620534897,0.011738780885935,-0.035606693476439,-0.046889051795006,-0.05359498783946,0.031053328886628,0.096744172275066,0.12261291593313,-0.028041547164321,0.029198914766312,-0.017959563061595,-0.026138227432966,-0.0018095325212926,-0.10398186743259,0.047840435057878,0.074856020510197,0.056359849870205,-0.010646915063262,0.10558766126633,0.049124840646982,0.025641240179539,-0.073738008737564,-0.12922777235508,-0.13489995896816,0.017393307760358,0.14104272425175,0.076545596122742,-0.054304800927639,0.13259224593639,0.039929825812578,0.032980691641569,-0.032132264226675,-0.067178264260292,0.056675609201193,0.023792486637831,0.09971684217453,0.16327778995037,0.083120316267014,-0.0012060998706147,0.087146610021591,-0.13077141344547,-0.13759288191795,0.11753987520933,0.096889451146126,-0.044227693229914,-0.051489286124706,-0.014414729550481,0.12311673909426,0.04122457280755,-0.045599937438965,-0.022388584911823,0.01204985845834,-0.17895257472992,0.13061101734638,0.021830989047885,0.056992758065462
0.074863366782665,0.028596930205822,-0.055890552699566,-0.016535677015781,0.084528379142284,0.17214407026768,0.061846364289522,-0.095597662031651,-0.039124172180891,-0.082797594368458,-0.0050331926904619,0.058782063424587,0.07357607036829,-0.17901912331581,-0.077740713953972,-0.012416967190802,-0.18995900452137,0.0072896797209978,-0.069780215620995,0.093510553240776,0.19087682664394,0.011077563278377,9.2151909484528e-05,0.059453949332237,-0.03682329133153,0.018784698098898,-0.097100682556629,-0.26070350408554,0.055672165006399,0.16168108582497,-0.048342574387789,0.027554675936699,-0.088138833642006,0.031625807285309,0.15714873373508,-0.052741564810276,0.020208844915032,0.064004383981228,0.060305289924145,-0.11412072181702,0.049563452601433,-0.094372138381004,-0.01705014705658,0.095403216779232,-0.11614588648081,0.041376370936632,0.14246055483818,0.04311641305685,-0.12889541685581,-0.0067280344665051,-0.02331829443574,-0.032755598425865,0.074630260467529,0.050326116383076,0.14016303420067,-0.022534038871527,0.040702417492867,0.053003039211035,-0.088036581873894,-0.15086509287357,0.021826067939401,-0.012681004591286,0.20607140660286,-0.024054234847426,0.081790067255497,-0.093482248485088,0.024916853755713,0.0039895069785416,0.024281993508339,-0.037812020629644,-0.049494609236717,0.018638217821717,-0.072079986333847,-0.076291017234325,0.0075659826397896,0.03182902187109,-0.11636478453875,0.007965249940753,0.076642327010632,0.19429834187031,0.071813754737377,0.071796700358391,0.0020769119728357,0.017551723867655,-0.0080186109989882,0.01673349365592,0.079132743179798,0.055639535188675,-0.038993626832962,0.067436002194881,0.13828654587269,-0.10298530757427,-0.0752072930336,0.030905313789845,-0.22640424966812,-0.11975645273924,-0.0049655716866255,0.083166807889938,0.10103390365839,-0.055012989789248,0.1720864623785,0.046495750546455,-0.026544466614723,0.038824573159218,-0.055929254740477,-0.011569594033062,0.0095463870093226,0.18414387106895,-0.037013482302427,0.072874024510384,0.066363364458084,0.016821021214128,-0.14637279510498,-0.066280394792557,0.024176891893148,0.15625947713852,-0.21214827895164,-0.033845398575068,-0.094327233731747,0.046934690326452,0.021035186946392,-0.0081651024520397,0.035787217319012,-0.0091330343857408,-0.036981336772442,0.10070288181305,-0.0033567757345736,-0.011194931343198
0.082168072462082,0.0043140077032149,-0.0088529586791992,0.027608558535576,0.090459898114204,0.18409140408039,0.13233986496925,-0.042399507015944,0.03195109218359,-0.095805153250694,-0.02560624293983,0.04949427396059,0.096283733844757,-0.17267678678036,-0.046285517513752,0.0092534925788641,-0.16087731719017,0.041293408721685,-0.16982392966747,0.045807473361492,0.21582923829556,0.016685565933585,0.015360621735454,0.14401033520699,-0.052997153252363,-0.1120328232646,-0.16865684092045,-0.27936291694641,0.039682436734438,0.18493422865868,-0.00034406204940751,0.08319167047739,-0.10525850206614,0.057316917926073,0.093347661197186,-0.055869963020086,0.0034223897382617,0.042918059974909,-0.027807768434286,-0.03622242435813,0.062250517308712,-0.059913009405136,-0.03587457165122,0.047662254422903,-0.091493412852287,-0.038779370486736,0.082532130181789,0.027746392413974,-0.05396630987525,-0.0068293078802526,0.048677578568459,-0.090821474790573,0.072227373719215,0.02233381010592,0.10678029060364,0.011117953807116,0.05304729193449,0.070862248539925,-0.026130056008697,-0.10517247766256,-0.021127041429281,0.02104171551764,0.095546022057533,-0.090956181287766,0.065685324370861,-0.128512352705,0.043113894760609,-0.036954544484615,-0.050153251737356,-0.0364412330091,-0.030587516725063,0.048574067652225,-0.056521646678448,-0.080509416759014,-0.028182130306959,0.075743705034256,-0.08585362881422,-0.0038379784673452,0.033862940967083,0.17618079483509,0.09336444735527,0.03377266600728,-0.0055318688973784,0.022273099049926,-0.0077822688035667,0.073127225041389,0.09468100219965,0.0032566715963185,-0.12969157099724,0.048154383897781,0.079221777617931,-0.13514003157616,-0.07770699262619,0.0016924254596233,-0.21577328443527,-0.03816831111908,-0.039031840860844,0.03818191960454,0.088984452188015,0.05810609087348,0.18986682593822,0.018328763544559,-0.032463926821947,0.10590846836567,-0.043143942952156,-0.073499284684658,-0.044532462954521,0.12401979416609,-0.034418828785419,0.061228543519974,0.0041510029695928,0.02593650482595,-0.12744279205799,-0.098488196730614,-0.0008730060653761,0.21111695468426,-0.17948174476624,0.033592496067286,-0.13904523849487,0.10015120357275,0.015509326942265,-0.0024932604283094,-0.019384803250432,0.004105522762984,-0.033069923520088,0.10973110795021,-0.08616715669632,-0.033118147403002
0.14748905599117,-0.0032617514953017,-0.02137884311378,0.0472541898489,0.082794107496738,0.18426026403904,0.11776898056269,-0.10782951116562,-0.054358724504709,0.016233017668128,-0.063001304864883,0.0051397997885942,0.08939478546381,0.078092187643051,0.031200420111418,-0.052783459424973,0.021093526855111,0.041638817638159,0.024827668443322,-0.01296662632376,0.10090974718332,-0.0077812522649765,0.079780429601669,0.11823031306267,0.022598391398787,-0.064245574176311,-0.13214325904846,-0.16170839965343,0.022274697199464,0.16499756276608,-0.036207478493452,0.10219234228134,-0.12410598248243,-0.034801263362169,0.10222634673119,-0.042398389428854,-0.015268108807504,0.14496842026711,0.020571984350681,-0.1177938580513,-0.062270473688841,0.021771613508463,-0.11871092766523,-0.070892244577408,-0.15295349061489,0.043369982391596,-0.036326013505459,0.049927089363337,0.017158208414912,-0.036293625831604,0.13518933951855,0.090119853615761,0.1521995216608,0.021105157211423,0.11065962165594,-0.054222706705332,0.15238443017006,0.089877143502235,0.039219435304403,-0.1239872649312,0.013917965814471,0.013210780918598,0.060365024954081,-0.16388432681561,0.085542678833008,-0.024233270436525,0.058986529707909,0.10380414128304,-0.069543845951557,0.079619511961937,0.018001522868872,0.13508130609989,-0.063491359353065,-0.080372758209705,-0.073709033429623,0.071245275437832,-0.039595022797585,-0.080015987157822,0.10666739195585,0.14085240662098,0.053711470216513,0.012172155082226,0.021468363702297,-0.063099652528763,0.11563669145107,-0.16165593266487,0.03170619904995,0.044165570288897,-0.018408725038171,0.017999475821853,0.0068754125386477,-0.016768584027886,0.077789522707462,0.025320395827293,-0.14853371679783,-0.14717926084995,0.090424053370953,0.073440574109554,0.12562048435211,0.0011323586804792,0.25325402617455,0.14339300990105,-0.011490181088448,0.069488979876041,-0.10268881171942,-0.086863867938519,-0.021483730524778,-0.038800094276667,0.075275279581547,0.06905559450388,0.060325499624014,0.063959494233131,-0.031748257577419,-0.079530328512192,0.07085544615984,0.17109780013561,-0.1564090102911,0.028283344581723,-0.15667593479156,0.076798997819424,-0.039537213742733,-0.071677282452583,0.011771547608078,-0.072824329137802,0.0099733881652355,0.13878980278969,-0.021389745175838,0.0091012082993984
-0.0057587586343288,0.078149877488613,-0.015248872339725,0.074671946465969,0.083694480359554,0.18757574260235,0.040837563574314,-0.2271094173193,0.0031161636579782,0.048241630196571,-0.036175765097141,0.053219936788082,0.04530268907547,-0.094327598810196,0.018854377791286,0.033376976847649,-0.13224224746227,0.16538175940514,-0.036325193941593,-0.010576140135527,0.096198476850986,0.0053103570826352,-0.0023179273121059,0.078878454864025,0.029880873858929,-0.014798860065639,-0.191251501441,-0.23754757642746,-0.025301458314061,0.2051008194685,0.017113769426942,0.22757658362389,-0.062396787106991,0.028147801756859,0.18008805811405,0.016552047803998,0.044890280812979,-0.036343619227409,0.1014134734869,-0.11918137967587,0.071432985365391,-0.12081462144852,0.062233075499535,-0.04589081928134,-0.091894537210464,0.012036171741784,0.12802472710609,0.053113862872124,-0.089576862752438,-0.08351207524538,0.092496328055859,-0.061407651752234,0.15537159144878,-0.0029881105292588,0.10786624997854,0.076771333813667,0.086026377975941,-0.006730102468282,-0.01552234403789,-0.07051969319582,-0.035635765641928,0.056589499115944,0.056138630956411,-0.14199301600456,0.12702508270741,0.038595478981733,-0.013341914862394,-0.010993786156178,-0.099230229854584,0.050210736691952,-0.028651650995016,0.065492287278175,-0.085928179323673,-0.080341391265392,-0.011651657521725,0.065669432282448,-0.10120693594217,-0.056712348014116,0.018213117495179,0.045702017843723,0.074862971901894,0.13698555529118,-0.024244863539934,0.044846884906292,-0.046900745481253,0.038694683462381,0.029886638745666,-0.020141674205661,-0.08736077696085,0.10390694439411,0.031296398490667,-0.036315511912107,0.013428643345833,0.0043585519306362,-0.19870944321156,0.0091178808361292,-0.061642799526453,0.11803036183119,0.10748524963856,-0.003770760493353,0.21797388792038,0.007472129072994,-0.017257837578654,0.025036437436938,0.035940516740084,-0.02167714945972,-0.003787049325183,0.033327586948872,-0.062900699675083,0.15816117823124,-0.044188469648361,-0.010992725379765,-0.044889345765114,-0.14870305359364,0.010133418254554,0.076065897941589,-0.15772697329521,0.00087011628784239,-0.076958633959293,0.04879130423069,0.15222278237343,-0.068353839218616,0.0359249971807,-0.057357877492905,-0.054038893431425,0.149787530303,-0.011624877341092,0.0046256855130196
0.089762911200523,0.10412461310625,0.10872936993837,0.10860430449247,0.11282148957253,0.22704277932644,0.11319716274738,-0.16782185435295,0.040944445878267,-0.00032824426307343,-0.024534810334444,0.027955804020166,0.016218243166804,-0.097452655434608,0.058987244963646,-0.034433875232935,-0.088184170424938,0.10215955972672,-0.10385857522488,-0.062040321528912,0.12236201763153,0.050335701555014,0.01189689245075,0.12271071970463,0.068777665495872,-0.14355780184269,-0.19967725872993,-0.15208740532398,0.032084885984659,0.17428965866566,0.052848946303129,0.13373683393002,-0.14417693018913,0.05224135518074,0.15170884132385,-0.055389147251844,0.038288023322821,0.0059941075742245,0.079420052468777,-0.084854774177074,0.063312105834484,-0.07349070161581,-0.030637556686997,-0.10981088131666,-0.11973301321268,-0.035652972757816,-0.021584436297417,0.046362105756998,-0.0039324355311692,-0.026525961235166,0.15285782516003,0.057273477315903,0.084298841655254,-0.0029906453564763,0.062124039977789,-0.002822614973411,0.065807409584522,0.024499472230673,-0.043889440596104,-0.046760905534029,-0.022872053086758,0.0067056785337627,0.021071843802929,-0.1895964294672,0.10901883244514,-0.0079080145806074,0.061739884316921,-0.0090475892648101,-0.14602586627007,0.13154524564743,-0.0012218811316416,0.14242777228355,-0.053365755826235,-0.039132170379162,-0.048382010310888,0.035801354795694,-0.047931991517544,-0.068199314177036,0.045592829585075,0.13071472942829,0.078835785388947,0.080443844199181,0.064827412366867,0.029909523203969,0.078343778848648,-0.087858304381371,0.045048162341118,0.020555539056659,-0.097492918372154,0.10708989202976,0.034624129533768,-0.086630970239639,0.029596814885736,0.043404687196016,-0.20003712177277,-0.11234295368195,-0.012113723903894,0.0022444515489042,0.11013878136873,0.052410013973713,0.21951287984848,0.076788559556007,-0.05146899074316,0.067376136779785,0.025751542299986,-0.061675924807787,0.047273859381676,0.013419433496892,0.042735025286674,0.11848805099726,0.0029401571955532,0.017244085669518,-0.049604948610067,-0.047927599400282,0.07365782558918,0.09755627810955,-0.1661664545536,0.11202793568373,-0.11663261055946,0.08668041229248,0.077308647334576,-0.013916681520641,-0.027519468218088,-0.035262256860733,0.080151312053204,0.12474813312292,0.018394388258457,-0.017625067383051
-0.0035844983067364,0.17827650904655,-0.077686719596386,-0.037157606333494,0.075160674750805,0.17895145714283,-0.016360526904464,-0.21626934409142,-0.031584419310093,0.058374334126711,0.046112753450871,-0.0077433562837541,0.051032390445471,-0.059234969317913,-0.020362725481391,0.097669966518879,-0.10483214259148,0.13962379097939,-0.029608203098178,-0.03626686707139,0.12906807661057,0.033830359578133,0.012610148638487,-0.041642859578133,0.0052331518381834,0.061815906316042,-0.099330000579357,-0.15023629367352,0.15412931144238,0.17907835543156,0.012702148407698,0.1829429268837,-0.026515532284975,-0.018540499731898,0.17912282049656,0.046119295060635,0.0038338440936059,0.030829688534141,0.14624980092049,-0.097888976335526,-0.040604565292597,-0.098041996359825,0.015113113448024,0.052406188100576,-0.056496471166611,0.095702670514584,0.14255400002003,0.089822769165039,-0.2326252758503,-0.13547928631306,-0.011099676601589,0.091667704284191,0.052839051932096,-0.047667972743511,0.0084040528163314,0.069805480539799,0.050393521785736,0.06355319917202,-0.11674300581217,-0.066069610416889,-0.059623602777719,0.015115645714104,0.24173907935619,-0.080717891454697,0.14528125524521,0.038112785667181,-0.061411626636982,0.052398201078176,-0.081911467015743,0.13487948477268,-0.014166365377605,0.0069739916361868,-0.11365194618702,-0.091926619410515,-0.024552965536714,-0.01803651638329,-0.089906670153141,-0.020695256069303,-0.019077947363257,-0.021190790459514,0.078404806554317,0.13772398233414,-0.061589419841766,0.0021577253937721,-0.084078706800938,-0.0057158814743161,-0.033214744180441,-0.028672689571977,-0.026528868824244,0.14818368852139,0.11209615319967,-0.058616764843464,-0.10066796839237,0.072409972548485,-0.040750004351139,-0.018821481615305,-0.035060584545135,0.15172371268272,0.065193824470043,-0.0046218750067055,0.15390598773956,0.0158232729882,-0.071840867400169,-0.0044381222687662,-0.024687208235264,0.077322967350483,0.028560733422637,0.056910399347544,0.08329638838768,0.025163637474179,-0.002704362384975,0.007014877628535,-0.083088308572769,-0.049827210605145,0.12444793432951,0.041502051055431,-0.16599655151367,-0.042301461100578,0.048104006797075,0.067325010895729,0.12179438024759,-0.10301333665848,0.073246285319328,-0.0246815495193,-0.020508162677288,0.11990785598755,0.058056205511093,-0.026286456733942
0.13954146206379,0.019629867747426,0.027036214247346,0.080634661018848,0.084482699632645,0.19331146776676,0.15241348743439,-0.10337586700916,0.001251845038496,0.030057916417718,-0.060340128839016,-0.00094838254153728,0.085025168955326,0.066667266190052,0.077796585857868,-0.073499567806721,0.054416883736849,0.048665467649698,-0.030687855556607,-0.0546979829669,0.079171113669872,0.0092652291059494,0.049950912594795,0.14903022348881,0.043998766690493,-0.13377231359482,-0.1619868427515,-0.13279861211777,-0.012514933012426,0.16283252835274,0.022123960778117,0.13426622748375,-0.12803430855274,0.036727454513311,0.087271489202976,-0.046496421098709,0.030093697831035,0.12821632623672,0.0085477782413363,-0.085915744304657,-0.019003892317414,0.0060618771240115,-0.093717940151691,-0.12022140622139,-0.12804690003395,-0.0057509131729603,-0.078169636428356,0.057209983468056,0.053632151335478,-0.035597030073404,0.17633904516697,0.059375930577517,0.13497059047222,0.0085580945014954,0.094752907752991,-0.024532420560718,0.10321220755577,0.074815921485424,0.049578677862883,-0.093307226896286,-0.015204722993076,0.0098249353468418,-0.026133367791772,-0.22627857327461,0.084200747311115,-0.014509492553771,0.079787820577621,0.076772086322308,-0.13056156039238,0.093252956867218,0.015461997129023,0.13601839542389,-0.070193536579609,-0.059573639184237,-0.0798654332757,0.076514363288879,-0.0075388378463686,-0.082561433315277,0.088755920529366,0.1256368458271,0.034132122993469,0.012278879061341,0.046615269035101,-0.047521706670523,0.11584386974573,-0.16468811035156,0.047161873430014,0.0059596486389637,-0.048555444926023,0.040477078408003,-0.021932728588581,-0.057205218821764,0.10988914221525,0.016605524346232,-0.1563850492239,-0.10333000868559,0.064170844852924,0.0067056119441986,0.11150082945824,0.041913691908121,0.23999409377575,0.138911485672,-0.026674963533878,0.11282132565975,-0.068985968828201,-0.12392207235098,-0.044970292598009,-0.072335630655289,0.047373425215483,0.085651852190495,0.026946060359478,0.059681117534637,-0.039135452359915,-0.057987850159407,0.055170770734549,0.1404068171978,-0.1313403993845,0.046315561980009,-0.16003347933292,0.099765181541443,0.0053852614946663,-0.039048317819834,-0.021026318892837,-0.032089035958052,0.047521494328976,0.10552021861076,-0.034529026597738,-0.01871151290834
-0.0076382351107895,0.11559005826712,-0.062903180718422,-0.035311426967382,-0.013582521118224,0.11973509937525,-0.027596930041909,-0.17336554825306,-0.1254895478487,0.079203940927982,0.02450823225081,-0.016780830919743,0.003927415702492,0.01261315215379,0.13410584628582,-0.076982885599136,-0.060092370957136,-0.041930552572012,0.21951229870319,-0.027345607057214,-0.077205911278725,0.081901699304581,-0.013340613804758,0.087954886257648,0.044663418084383,0.090545326471329,0.060980878770351,-0.1430076956749,0.06435064971447,0.13830311596394,-0.0039283963851631,-0.064857460558414,-0.0025806918274611,-0.076556891202927,0.10969584435225,0.10567864775658,-0.0030177913140506,-0.080706961452961,0.025598058477044,0.030221724882722,-0.027952937409282,-0.11502395570278,-0.048590715974569,0.13070303201675,-0.1141294836998,0.25911593437195,0.16972267627716,0.055518463253975,-0.13990153372288,-0.092074237763882,0.057251706719398,0.098270684480667,0.10500818490982,-0.082052104175091,0.095680296421051,0.096380844712257,-0.026359679177403,0.13636796176434,0.018350211903453,0.035468615591526,-0.055539764463902,0.0082058291882277,0.15199781954288,-0.049550082534552,0.12387728691101,-0.069952189922333,0.050479490309954,-0.034704100340605,-0.014559612609446,0.08892260491848,-0.018234498798847,0.043905220925808,-0.11244477331638,-0.075701013207436,0.087508127093315,0.023256285116076,-0.11141195893288,0.079331994056702,0.037395723164082,0.10670213401318,0.050012946128845,0.017154162749648,-0.055706616491079,-0.0032171451020986,-0.018873400986195,-0.072754345834255,-0.0061261835508049,-0.12629124522209,-0.089074045419693,0.090932987630367,0.0214270260185,0.026486789807677,0.014233342371881,0.0082723852247,-0.082459554076195,-0.064499102532864,0.066705159842968,0.0324362590909,0.19790457189083,-0.099917538464069,0.036291658878326,0.15237514674664,0.027968069538474,-0.10838212817907,-0.18569695949554,0.045591708272696,-0.018213907256722,0.0082540418952703,-0.015375505201519,0.083206348121166,0.1681147813797,-0.0072091356851161,-0.027970561757684,-0.1694373190403,-0.030568819493055,0.081195518374443,-0.066822275519371,-0.14001652598381,-0.01375615503639,0.084769323468208,0.11480110138655,-0.15157955884933,-0.033604666590691,0.0054743746295571,-0.051917284727097,0.13603486120701,0.03727525100112,0.041969619691372
0.007423815317452,0.18228231370449,-0.034776616841555,-0.0093447482213378,0.035022508352995,0.15503171086311,-0.030413342639804,-0.1715002655983,-0.091409139335155,0.047312457114458,0.046099610626698,0.024443933740258,7.9535966506228e-05,-0.1065135076642,0.029891444370151,0.023643985390663,-0.10472943633795,0.036307565867901,0.078122712671757,0.032790713012218,0.074933677911758,0.035478193312883,-0.01388861425221,0.084112018346786,0.048764638602734,0.079091526567936,-0.0066741788759828,-0.18467177450657,0.11274808645248,0.18081171810627,-0.03613368049264,0.034889206290245,-0.0097580896690488,0.00082031701458618,0.12685380876064,0.057592522352934,0.025737745687366,-0.016162853688002,0.074072360992432,-0.043284319341183,-0.012368424795568,-0.15091136097908,0.036397129297256,0.10372018814087,-0.076300092041492,0.20188672840595,0.2438495606184,0.011482225731015,-0.26118466258049,-0.066028639674187,0.057138472795486,0.08847089856863,0.024701489135623,-0.024858655408025,0.13206525146961,0.077837198972702,-0.0064820731058717,0.072645783424377,-0.053370214998722,-0.05275596678257,-0.024850785732269,-0.036763411015272,0.21366503834724,-0.085488572716713,0.1393613666296,-0.085685223340988,-0.0065314499661326,-0.024637226015329,-0.043666251003742,0.15222643315792,-0.041101772338152,0.038463357836008,-0.14300525188446,-0.064856581389904,0.074668183922768,0.0030458008404821,-0.080256208777428,0.14124695956707,0.015127231366932,0.058105625212193,0.018141061067581,0.13334441184998,-0.046735301613808,0.018245661631227,-0.041858065873384,-0.0056908251717687,-0.017421184107661,-0.054583854973316,-0.043509256094694,0.15316490828991,0.06794647872448,-0.071019195020199,-0.084606826305389,0.042593356221914,-0.084365367889404,-0.051546901464462,0.024788428097963,0.094597578048706,0.1634785681963,-0.096154414117336,0.055792681872845,0.080494917929173,-0.033407777547836,-0.0078311916440725,-0.1200106292963,0.060697320848703,-0.010665039531887,0.098115481436253,-0.0029589803889394,0.012678720057011,0.060771889984608,0.026637632399797,-0.08016350120306,-0.11402716487646,0.065582908689976,0.051911275833845,-0.12834441661835,-0.16510361433029,0.0086639719083905,0.10650371015072,0.12837368249893,-0.040495328605175,0.043633341789246,0.024745665490627,-0.020004978403449,0.13736103475094,0.10204438865185,-0.013874023221433
0.021370330825448,0.08441223949194,-0.10288547724485,-0.056772716343403,0.025535825639963,0.10776830464602,-0.03197992965579,-0.1926022619009,-0.047345198690891,0.17628517746925,0.028718136250973,-0.028264921158552,0.083929248154163,0.024978201836348,0.029034577310085,-0.0057886121794581,-0.0072371903806925,0.12427234649658,0.11423642188311,-0.031037714332342,0.03907685354352,0.066129766404629,-0.0076392865739763,0.043788153678179,-0.018841758370399,0.082243546843529,-0.05013520270586,-0.15772213041782,0.089408650994301,0.21504707634449,-0.070044688880444,0.063196361064911,-0.025677479803562,-0.10362724214792,0.16791744530201,0.010991960763931,0.01139538642019,-0.00012013550440315,0.14740708470345,-0.041238125413656,-0.12291581183672,-0.052842814475298,-0.12224780768156,0.016836602240801,-0.064688257873058,0.12942141294479,0.058533240109682,0.1142662987113,-0.067143179476261,-0.13923650979996,0.088180005550385,0.16368243098259,0.13290910422802,-0.036690805107355,-0.0024146849755198,0.020755350589752,0.15693716704845,-0.0055509260855615,-0.030999353155494,-0.046499766409397,0.041409678757191,-0.0048441328108311,0.12525650858879,-0.00014361168723553,0.020453657954931,-0.071267656981945,0.032443322241306,0.10904554277658,0.045045807957649,0.018011379987001,0.018835909664631,0.020913554355502,-0.098777800798416,-0.16811423003674,-0.035693034529686,0.045274049043655,-0.15616126358509,0.009382645599544,0.065713614225388,0.076816216111183,0.085566475987434,0.13429044187069,-0.030400229617953,0.044021084904671,0.036747608333826,-0.036095596849918,-0.011469079181552,-0.028167404234409,0.0014741398626938,0.026337653398514,-0.048922006040812,0.05908153578639,0.056497666984797,0.10250817239285,-0.14850302040577,-0.15128019452095,0.0033545417245477,0.067269906401634,0.11642023175955,-0.074600130319595,0.25986498594284,0.11669480055571,-0.0063973851501942,-0.042255092412233,-0.031469445675611,-0.028993124142289,0.025412179529667,-0.052943162620068,0.037215918302536,0.15105107426643,0.082675822079182,-0.044464580714703,-0.023425912484527,-0.11200162768364,-0.024481957778335,0.12876613438129,-0.20481480658054,-0.05929596722126,-0.13098642230034,-0.029702568426728,0.037793125957251,-0.14130076766014,0.0086171925067902,-0.08742767572403,-0.055132780224085,0.15398794412613,-0.047096986323595,0.036654710769653
0.068415187299252,0.10590378940105,-0.039114762097597,-0.052613653242588,0.053530562669039,0.13350033760071,0.028616039082408,-0.21343287825584,-0.041683994233608,0.086926408112049,0.059541970491409,-0.0024373445194215,0.049207389354706,0.031894974410534,0.03096710331738,0.014941141940653,-0.032356005162001,0.076697565615177,0.041742596775293,-0.068158842623234,0.072042047977448,0.12806390225887,-0.070901803672314,0.015059608966112,0.018124477937818,0.11084748059511,-0.025931531563401,-0.10183492302895,0.12156005948782,0.2190704792738,-0.10318714380264,0.097698457539082,-0.083649426698685,-0.067507438361645,0.16275416314602,-0.0021971836686134,0.012641279026866,0.00024767301511019,0.18579612672329,-0.037533529102802,-0.064529582858086,-0.063192382454872,-0.074005506932735,0.0045434427447617,-0.053066574037075,0.18080818653107,0.048904962837696,0.05709134042263,-0.1240146458149,-0.18487691879272,0.10493516921997,0.1926853954792,0.073590002954006,-0.0076406500302255,0.041297823190689,0.017356215044856,0.072707995772362,0.064708910882473,-0.10433140397072,0.01564022898674,0.057815913110971,-0.049545794725418,0.15949811041355,0.0016553443856537,0.066179305315018,-0.055865902453661,0.013792229816318,0.11825436353683,0.037423178553581,0.10076989978552,0.027012387290597,0.030737828463316,-0.096943207085133,-0.17007653415203,-0.01412452198565,0.046913519501686,-0.1087054759264,0.0098923407495022,0.0050973193719983,0.062227129936218,0.12966912984848,0.14870198071003,0.023126926273108,0.024305373430252,0.0059312810190022,-0.072595231235027,0.034952916204929,-0.031332708895206,-0.076985515654087,0.096542224287987,-0.00020140220294707,-0.024144701659679,-0.017871713265777,0.13067421317101,-0.17433354258537,-0.1052918061614,0.031181698665023,0.0021618353202939,0.18972834944725,-0.044142976403236,0.20085763931274,0.1265834569931,-0.03209013491869,0.003867388702929,-0.049593396484852,-0.014034004881978,0.01320820953697,0.027323724702001,0.013621309772134,0.046828579157591,0.095897547900677,-0.03179745003581,-0.090715505182743,-0.05893736705184,0.057425823062658,0.1018735319376,-0.2286836206913,-0.027781235054135,-0.11166436225176,0.0013392006512731,0.060685470700264,-0.096697770059109,0.037390381097794,-0.06415169686079,0.047562684863806,0.15655826032162,0.0052326838485897,-0.0075400765053928
0.072836548089981,0.0080469008535147,0.0060504553839564,-0.08706945925951,0.10058296471834,0.12437202781439,0.071243867278099,-0.13151144981384,-0.084870234131813,0.11150591820478,0.0062058684416115,0.059378981590271,0.14348572492599,0.051273543387651,0.02715715020895,-0.036321625113487,-0.0068891798146069,0.12751877307892,-0.026972195133567,-0.015147151425481,0.10103617608547,0.09406616538763,-0.051423721015453,0.093207262456417,-0.049610991030931,0.097053430974483,-0.09073930233717,-0.13081957399845,0.059911530464888,0.19566094875336,-0.097707413136959,0.083149135112762,-0.10835321247578,-0.031852170825005,0.11988513916731,-0.02932053245604,-0.0046465964987874,0.073723994195461,0.1128017231822,-0.030845429748297,-0.013396279886365,0.015814857557416,-0.079763203859329,0.0047010984271765,-0.1166892722249,0.057307925075293,0.029587185010314,0.055095352232456,-0.050751123577356,-0.16019253432751,0.13781268894672,0.043611757457256,0.04126963019371,0.021367168053985,0.074924297630787,0.013504545204341,0.067974470555782,0.10969202965498,-0.03716216981411,-0.057440485805273,0.047967974096537,-0.037240639328957,0.078733742237091,0.0054166810587049,0.053391020745039,-0.087195985019207,0.043193861842155,0.1452399045229,0.027750555425882,-0.0051269386895001,0.079565539956093,0.065224267542362,-0.026007801294327,-0.1694174259901,-0.049744855612516,0.10618501901627,-0.15341393649578,-0.0063970591872931,0.084685832262039,0.054204817861319,0.095960237085819,0.13899658620358,0.059210140258074,0.045377269387245,0.011597666889429,-0.10050450265408,0.14573195576668,0.034732326865196,-0.026099789887667,0.021961817517877,-0.056613896042109,-0.030600138008595,0.063635520637035,0.078284241259098,-0.22843696177006,-0.14123602211475,0.019026461988688,0.018192633986473,0.11081746965647,-0.024404542520642,0.20280754566193,0.13159258663654,-0.01427410915494,0.081506125628948,-0.063147008419037,-0.058886576443911,-0.072283573448658,-0.0042915092781186,-0.0064316843636334,0.051939196884632,0.078638672828674,-0.012378756888211,-0.11524953693151,-0.025338249281049,-0.0010679741390049,0.13575975596905,-0.25665411353111,-0.052670016884804,-0.22847461700439,-0.022220242768526,0.015764348208904,-0.082778923213482,-0.015274507924914,-0.084513679146767,-0.01319433376193,0.15388944745064,-0.12482889741659,-0.0060842055827379
0.079440839588642,0.067012801766396,-0.040486562997103,0.021537335589528,0.073449581861496,0.11828395724297,0.034905612468719,-0.17971342802048,-0.056997336447239,0.04402906820178,-0.0049278996884823,0.019438996911049,0.084237076342106,0.0090590324252844,0.053975459188223,-0.0066432761959732,-0.0027861592825502,0.13740682601929,0.005225881934166,0.08187610656023,0.08861568570137,0.052816048264503,0.0080708283931017,0.14129969477654,-0.0076969359070063,0.047708529978991,-0.11444886773825,-0.20368258655071,0.050659779459238,0.21449625492096,-0.035974036902189,0.18920102715492,-0.039338603615761,0.021226353943348,0.17665912210941,0.035464096814394,0.06848069280386,0.095279261469841,0.039722386747599,-0.16622523963451,-0.016024142503738,-0.057655990123749,0.012429759837687,0.067962050437927,-0.13252285122871,0.12344757467508,0.16026830673218,0.10298185050488,-0.12396153062582,-0.040022514760494,0.084665596485138,0.037609037011862,0.10414359718561,0.011279498226941,0.19788740575314,0.019288508221507,0.043645843863487,0.046188902109861,0.037093788385391,-0.15395671129227,-0.031070109456778,-0.011594514362514,0.10534805059433,-0.09277056902647,0.059389125555754,-0.032158114016056,0.014285388402641,0.021337145939469,-0.05452148988843,0.069636389613152,-0.018336342647672,0.01714076846838,-0.09124394506216,-0.074321113526821,-0.03600338101387,-0.018514974042773,-0.097691275179386,0.040994826704264,0.091972231864929,0.056020271033049,0.098965279757977,0.16216200590134,-0.078918732702732,-0.070868507027626,0.074066959321499,-0.089208900928497,-0.0065460233017802,-0.0071330335922539,-0.0028657303191721,0.13878457248211,0.07819564640522,-0.02248159982264,-0.025688463822007,-0.025902802124619,-0.14589937031269,-0.061799701303244,0.027114128693938,0.14151057600975,0.12437427043915,-0.10803434997797,0.17821374535561,0.12441838532686,0.041131809353828,0.027971452102065,-0.12766252458096,-0.016557121649384,-0.044534049928188,0.010838232003152,0.083142079412937,0.098370648920536,0.054155148565769,0.062739245593548,-0.12769448757172,-0.10437119752169,0.031589895486832,0.053093798458576,-0.10116638243198,-0.21493649482727,-0.085336364805698,0.055117685347795,0.11249819397926,-0.014365145936608,0.069079630076885,0.021717784926295,-0.072721928358078,0.07388636469841,0.082249827682972,-0.020129123702645
-0.041030451655388,0.082358680665493,0.010058506391943,0.0088213616982102,-0.092423416674137,0.067425839602947,-0.027440886944532,-0.14088159799576,-0.12048141658306,0.08417272567749,0.039364423602819,-0.0024172237608582,-0.01298937946558,0.0018292439635843,0.14148955047131,-0.10532555729151,-0.077014766633511,-0.066042087972164,0.24111396074295,-0.042549405246973,-0.12031964957714,0.078409962356091,-0.12108899652958,0.10355158150196,0.025370581075549,0.1621008515358,0.032664746046066,-0.12506088614464,0.027956927195191,0.1005997210741,-0.025729812681675,-0.025303425267339,-0.017242483794689,-0.060990873724222,0.079505741596222,0.10392270982265,0.03658838942647,-0.097365394234657,0.058790545910597,0.061238378286362,0.038117356598377,-0.13354206085205,-0.055152267217636,0.052378829568624,-0.056636411696672,0.20544241368771,0.15916134417057,-0.010945417918265,-0.11461430042982,-0.15667349100113,0.059704378247261,0.060427781194448,0.12684680521488,-0.029202561825514,0.11126554757357,0.11478644609451,-0.03949536010623,0.07884157449007,0.025273377075791,0.034138076007366,-0.027479631826282,-0.001125150360167,0.065948203206062,-0.016253655776381,0.065469577908516,0.014818340539932,0.14147588610649,-0.086349092423916,0.0528156273067,-0.0012045291950926,-0.044575586915016,0.0063653951510787,-0.070884078741074,-0.015393937937915,0.15548650920391,0.0097531918436289,-0.13548794388771,0.081371083855629,0.043921131640673,0.10782578587532,0.053078949451447,0.053208526223898,-0.020949710160494,-0.028370535001159,0.010159299708903,-0.026953786611557,0.050435144454241,-0.12614873051643,-0.10624873638153,0.051416084170341,0.0004581609973684,0.043663959950209,0.088526114821434,0.019164292141795,-0.16095653176308,-0.058043830096722,0.073814392089844,-0.050455328077078,0.22062560915947,-0.083041816949844,-0.0078109251335263,0.13111233711243,0.033677570521832,-0.095741733908653,-0.13615369796753,0.050457622855902,0.012139918282628,0.012921329587698,-0.10589226335287,0.098171301186085,0.13311077654362,-0.038057144731283,-0.043330047279596,-0.22933600842953,-0.05447293817997,0.040914751589298,-0.075979746878147,-0.16927559673786,-0.031766664236784,-0.030621303245425,0.11777015775442,-0.14285372197628,-0.021429274231195,-0.013608410023153,-0.022346237674356,0.14893072843552,0.010360880754888,0.060023751109838
0.060555256903172,0.085154063999653,0.082898557186127,0.027141306549311,0.067819580435753,0.21534684300423,0.052784893661737,-0.19153255224228,0.029451042413712,-0.0048808665014803,0.018246116116643,0.093942180275917,0.064719893038273,0.0013626442523673,-0.066390544176102,-0.022199928760529,-0.021458271890879,0.093654170632362,-0.10777189582586,-0.04886893928051,0.11456597596407,0.089538991451263,-0.084207750856876,0.10254473984241,-0.019884116947651,0.019173489883542,-0.088124617934227,-0.042129136621952,0.015938801690936,0.18218639492989,-0.045021183788776,0.10584345459938,-0.099165424704552,0.033610470592976,0.099501863121986,-0.021203210577369,0.030510675162077,0.026482118293643,0.10115213692188,-0.047862287610769,0.018237566575408,-0.045620482414961,-0.0035746695939451,-0.12257853895426,-0.046562001109123,-0.024407207965851,-0.0011955157388002,0.0037926072254777,-0.07174713909626,-0.089829988777637,0.17408621311188,0.076220013201237,0.059683568775654,0.058115500956774,0.096397623419762,0.035013120621443,0.015864240005612,0.05871132388711,-0.094014413654804,-0.046648100018501,0.017855925485492,-0.0049695484340191,0.075714625418186,-0.13186971843243,0.089735776185989,-0.028260761871934,0.054587364196777,0.076540291309357,-0.12669721245766,0.12369938194752,0.042592644691467,0.02473939396441,-0.057885188609362,-0.1216067969799,-0.017350491136312,0.13696698844433,-0.030691135674715,-0.043541103601456,0.015103429555893,0.034069560468197,0.063284821808338,0.13510680198669,0.13178779184818,0.06353747099638,0.0066916500218213,-0.089774124324322,0.096431866288185,0.027994435280561,-0.068784773349762,0.13095140457153,-0.056484490633011,-0.14565540850163,0.074136711657047,0.16803850233555,-0.20597156882286,-0.069260306656361,0.0071945711970329,-0.035809453576803,0.11280886083841,0.039942398667336,0.21301203966141,0.13030689954758,-0.12767226994038,0.11860381066799,0.025817668065429,-0.022810904309154,-0.013078908436,-0.040913142263889,-0.10376668721437,0.024528568610549,0.0052125956863165,-0.022654563188553,-0.05033352971077,0.021718770265579,0.047986838966608,0.073776759207249,-0.24875122308731,0.076639346778393,-0.1547661870718,0.042279426008463,0.05016004294157,-0.065149754285812,0.0079900929704309,-0.13678565621376,0.11067556589842,0.20790119469166,-0.01464022602886,-0.038573026657104
0.094298668205738,0.003582576289773,0.0049075372517109,-0.0072238049469888,0.057198341935873,0.19966179132462,0.10846053063869,-0.12192683666945,-0.021040990948677,0.074014276266098,-0.037985078990459,0.025174016132951,0.12884207069874,0.061307232826948,0.081682369112968,-0.079298287630081,0.090876691043377,0.074853405356407,-0.016363630071282,-0.091697581112385,0.029951065778732,0.10193787515163,-0.074259661138058,0.1461261510849,-0.020189883187413,-0.019423667341471,-0.13214640319347,-0.10359234362841,-0.01701875589788,0.16636168956757,0.023792326450348,0.1434328854084,-0.13619042932987,0.024291921406984,0.073853895068169,-0.016041558235884,0.061929248273373,-0.0099639305844903,0.082532197237015,0.014250902459025,0.042026530951262,0.0066087176091969,-0.061987437307835,-0.090264171361923,-0.070016548037529,-0.020737241953611,-0.033122416585684,0.063757516443729,0.033733200281858,-0.14618879556656,0.18291439116001,-0.018324149772525,0.12692061066628,0.0038188996259123,0.025165032595396,0.0454236343503,0.058100134134293,0.098709158599377,0.059818834066391,-0.041816223412752,-0.0049937735311687,0.051823820918798,-0.05632558465004,-0.1540384888649,0.021092355251312,-0.031938023865223,0.13177306950092,0.069895379245281,-0.066372655332088,-0.018559969961643,0.03253310546279,0.064049080014229,-0.046067956835032,-0.11359398066998,-0.049258332699537,0.11164291203022,-0.085886865854263,-0.040302742272615,0.058970890939236,0.078183218836784,0.07744213193655,0.094141989946365,0.081065624952316,0.01886717043817,0.060065262019634,-0.081082656979561,0.1293141245842,-0.062922187149525,-0.11236782371998,0.0016857885057107,-0.072507925331593,-0.041649352759123,0.14549361169338,0.057396985590458,-0.20891773700714,-0.060243111103773,0.033358555287123,-0.039311524480581,0.073671467602253,0.042665887624025,0.19585703313351,0.13319501280785,-0.024429634213448,0.15646313130856,-0.059459332376719,-0.10846834629774,-0.086029328405857,-0.083416782319546,-0.1072708889842,0.11671391129494,0.040136858820915,-0.04046980291605,-0.054133214056492,-0.058616805821657,-0.062922775745392,0.10117845237255,-0.2072437107563,-2.4098428184516e-05,-0.23209092020988,-0.0052957250736654,0.040048409253359,-0.096990279853344,-0.039315477013588,-0.072402194142342,0.007067418191582,0.10454656928778,-0.18959045410156,-0.02211569622159
0.098354443907738,0.072840698063374,-0.02430715225637,-0.032458294183016,0.054918054491282,0.18183945119381,0.043214593082666,-0.16153690218925,-0.059796623885632,0.1457311809063,0.020822998136282,0.0043969010002911,0.06799054145813,-0.033504869788885,0.019475098699331,0.039477244019508,-0.050780579447746,0.15171338617802,-0.019930768758059,-0.078100919723511,0.080763854086399,0.097513854503632,-0.05287978425622,0.026682851836085,0.0069562550634146,0.08348698168993,-0.056133974343538,-0.13839803636074,0.015621085651219,0.19838230311871,-0.10572101920843,0.1539154201746,-0.11990312486887,0.0059384885244071,0.16856732964516,-0.040319480001926,0.0055019990541041,-0.019248899072409,0.16089177131653,-0.10007847100496,-0.069409236311913,-0.1175644993782,-0.027228804305196,0.0065238401293755,-0.040647499263287,0.097282730042934,0.032624840736389,0.090257786214352,-0.14650858938694,-0.10721274465322,0.19517330825329,0.094427190721035,0.067637853324413,0.00061764672864228,0.050799176096916,0.005493781529367,0.086592525243759,-0.0018753033364192,-0.027244241908193,-0.0525475256145,0.083473145961761,-0.048238586634398,0.093365207314491,-0.029942927882075,0.063283525407314,-0.062882304191589,-0.034099381417036,0.14748342335224,0.0014104275032878,0.11144365370274,-0.00027247448451817,0.04548155516386,-0.087398387491703,-0.18455564975739,-0.111881069839,0.034114234149456,-0.087362095713615,-0.0077603147365153,0.025501191616058,0.05452586710453,0.13385118544102,0.11617713421583,0.0071888430975378,-0.0050799665041268,-0.029553918167949,-0.078167781233788,0.040684957057238,-0.024708723649383,-0.0025294288061559,0.13864986598492,-0.03703548014164,-0.026164025068283,-0.044135116040707,0.10638123005629,-0.21749745309353,-0.0029541403055191,0.024266436696053,0.017985096201301,0.1378393471241,-0.03751590102911,0.25693428516388,0.12325546145439,-0.051962971687317,0.02780332416296,0.014054484665394,-0.086478389799595,-0.05938122048974,0.010267584584653,-0.044725619256496,0.077656246721745,0.054255004972219,0.023844685405493,-0.055375222116709,-0.079081982374191,0.088237263262272,0.065093733370304,-0.20675900578499,-0.0083583695814013,-0.11934776604176,-0.017543671652675,0.095846749842167,-0.090113669633865,0.11003085970879,-0.065283820033073,0.075611814856529,0.096254073083401,0.024581095203757,-0.043546803295612
-0.0076382351107895,0.11559005826712,-0.062903180718422,-0.035311426967382,-0.013582521118224,0.11973509937525,-0.027596930041909,-0.17336554825306,-0.1254895478487,0.079203940927982,0.02450823225081,-0.016780830919743,0.003927415702492,0.01261315215379,0.13410584628582,-0.076982885599136,-0.060092370957136,-0.041930552572012,0.21951229870319,-0.027345607057214,-0.077205911278725,0.081901699304581,-0.013340613804758,0.087954886257648,0.044663418084383,0.090545326471329,0.060980878770351,-0.1430076956749,0.06435064971447,0.13830311596394,-0.0039283963851631,-0.064857460558414,-0.0025806918274611,-0.076556891202927,0.10969584435225,0.10567864775658,-0.0030177913140506,-0.080706961452961,0.025598058477044,0.030221724882722,-0.027952937409282,-0.11502395570278,-0.048590715974569,0.13070303201675,-0.1141294836998,0.25911593437195,0.16972267627716,0.055518463253975,-0.13990153372288,-0.092074237763882,0.057251706719398,0.098270684480667,0.10500818490982,-0.082052104175091,0.095680296421051,0.096380844712257,-0.026359679177403,0.13636796176434,0.018350211903453,0.035468615591526,-0.055539764463902,0.0082058291882277,0.15199781954288,-0.049550082534552,0.12387728691101,-0.069952189922333,0.050479490309954,-0.034704100340605,-0.014559612609446,0.08892260491848,-0.018234498798847,0.043905220925808,-0.11244477331638,-0.075701013207436,0.087508127093315,0.023256285116076,-0.11141195893288,0.079331994056702,0.037395723164082,0.10670213401318,0.050012946128845,0.017154162749648,-0.055706616491079,-0.0032171451020986,-0.018873400986195,-0.072754345834255,-0.0061261835508049,-0.12629124522209,-0.089074045419693,0.090932987630367,0.0214270260185,0.026486789807677,0.014233342371881,0.0082723852247,-0.082459554076195,-0.064499102532864,0.066705159842968,0.0324362590909,0.19790457189083,-0.099917538464069,0.036291658878326,0.15237514674664,0.027968069538474,-0.10838212817907,-0.18569695949554,0.045591708272696,-0.018213907256722,0.0082540418952703,-0.015375505201519,0.083206348121166,0.1681147813797,-0.0072091356851161,-0.027970561757684,-0.1694373190403,-0.030568819493055,0.081195518374443,-0.066822275519371,-0.14001652598381,-0.01375615503639,0.084769323468208,0.11480110138655,-0.15157955884933,-0.033604666590691,0.0054743746295571,-0.051917284727097,0.13603486120701,0.03727525100112,0.041969619691372
0.079983524978161,0.068660162389278,-0.058345884084702,-0.044905357062817,0.068048395216465,0.1072544157505,0.041971661150455,-0.16450767219067,-0.076327167451382,0.12058597803116,0.031003504991531,-0.019194792956114,0.068414114415646,0.080519981682301,0.051732517778873,0.0065777907148004,0.045386333018541,0.081459417939186,0.11580611020327,-0.040893238037825,0.084151968359947,0.10281467437744,-0.049008827656507,0.026449294760823,0.014645077288151,0.089655019342899,-0.086366444826126,-0.11963499337435,0.13884776830673,0.22749523818493,-0.10242373496294,0.085868522524834,-0.067281693220139,-0.077597312629223,0.14590442180634,0.0057352185249329,0.019232962280512,0.025578565895557,0.17999650537968,-0.044239103794098,-0.10449733585119,0.0013626584550366,-0.10403169691563,-0.054588243365288,-0.046210158616304,0.1751339584589,0.041134487837553,0.042644031345844,-0.071126893162727,-0.17733810842037,0.075363166630268,0.20241867005825,0.097551956772804,-0.0017973040230572,0.036984656006098,0.0026115460786968,0.15089157223701,0.047653872519732,-0.083860956132412,0.0088291680440307,0.073882855474949,-0.018951341509819,0.11462709307671,-0.036589421331882,0.041563242673874,-0.054975267499685,0.041041933000088,0.13079142570496,0.060948476195335,0.046398963779211,0.049940455704927,0.068857185542583,-0.11181265860796,-0.14872215688229,-0.028229078277946,0.072793059051037,-0.10552176833153,0.022383144125342,0.04480617120862,0.044765528291464,0.080685451626778,0.16798897087574,0.015681810677052,0.035002820193768,0.063316538929939,-0.065303906798363,0.02043036557734,-0.019373495131731,-0.039279513061047,0.022820431739092,-0.0086114071309566,0.039430227130651,0.024705143645406,0.12855073809624,-0.13319589197636,-0.14622513949871,0.053174823522568,0.028314812108874,0.13853201270103,-0.036648545414209,0.20555743575096,0.12674187123775,-0.019152790307999,0.0031373098026961,-0.093313045799732,-0.0017270906828344,0.027475159615278,-0.039546571671963,0.044914089143276,0.085816316306591,0.086177334189415,-0.063214227557182,-0.068957418203354,-0.093771703541279,0.045537430793047,0.14323182404041,-0.19948983192444,-0.06750350445509,-0.1627197265625,-0.013518697582185,0.0034823957830667,-0.09217131882906,0.028957536444068,-0.068506255745888,-0.020161051303148,0.17184822261333,-0.023475700989366,0.0093465819954872
0.068535938858986,0.11184844374657,-0.051310934126377,-0.068841926753521,0.084022782742977,0.10654098540545,0.10333149880171,-0.099224276840687,-0.10976602882147,0.16579549014568,0.025861527770758,-0.0040041510947049,0.051882535219193,-0.044790249317884,0.04685439914465,-0.0016925957752392,-0.0022367530036718,0.11187279969454,0.08010958135128,-0.043049030005932,0.085816159844398,0.0482307523489,-0.043961618095636,-0.007431932259351,0.01801235973835,0.14515922963619,-0.05141818150878,-0.15810848772526,0.19884273409843,0.15294973552227,-0.088126145303249,0.13281957805157,-0.078334227204323,-0.03962891921401,0.16750484704971,-0.088002681732178,0.040779281407595,0.10151790082455,0.17141826450825,-0.12432853132486,-0.0079407086595893,-0.069903820753098,-0.029331734403968,0.081128962337971,-0.13432897627354,0.12073566019535,0.09890528768301,0.049235556274652,-0.15862195193768,-0.18437284231186,0.072475664317608,0.1569519340992,0.015204032883048,-0.022665441036224,0.069611020386219,0.0077207554131746,0.094548553228378,0.077352553606033,-0.086460679769516,-0.061461713165045,0.036687206476927,-0.11881184577942,0.18130587041378,-0.011054592207074,0.12193957716227,-0.024185091257095,-0.01964358240366,0.04460471495986,0.032169051468372,0.076740831136703,-0.038573924452066,0.061090841889381,-0.096009694039822,-0.065544717013836,-0.046580672264099,-0.050108693540096,-0.089735381305218,0.082355245947838,0.066071860492229,-0.005273952614516,0.021088305860758,0.14968848228455,0.019909767434001,0.0016653450438753,0.075903907418251,-0.16891598701477,0.05658807978034,0.050173681229353,0.050962794572115,0.050784967839718,0.05199096724391,0.025497922673821,-0.071503475308418,0.023079842329025,-0.092893622815609,-0.14802803099155,0.098507702350616,0.096304044127464,0.11239902675152,-0.06599049270153,0.12818904221058,0.11394432932138,0.018846312537789,0.046040512621403,-0.087186954915524,-0.02368126809597,0.034635849297047,0.066614076495171,0.13384087383747,0.0005375255132094,0.087921939790249,0.04225392639637,-0.12885528802872,-0.064599208533764,0.13418565690517,0.024446809664369,-0.1454045176506,-0.1637279689312,-0.048132330179214,-0.0018694300670177,0.076707437634468,-0.040469996631145,0.054185703396797,-0.027055317535996,-0.00076366245048121,0.073010623455048,0.04094909504056,-0.018691886216402
0.064884059131145,0.0048630735836923,-0.082967050373554,-0.040816944092512,0.027152296155691,0.053775832056999,0.032363060861826,-0.15782731771469,-0.03376917168498,0.12350506335497,0.039147336035967,-0.018940955400467,0.11421585828066,0.11285250633955,0.061368513852358,-0.00036120114964433,0.018880166113377,0.063360959291458,0.11575046181679,-0.025081221014261,0.085510186851025,0.065507352352142,0.0063484637066722,0.057577904313803,-0.026782773435116,0.12361035495996,-0.070145070552826,-0.18429933488369,0.11321640759706,0.21965797245502,-0.056422542780638,0.081834450364113,-0.036132112145424,-0.10666441172361,0.13684771955013,0.025761617347598,0.0041786469519138,0.13919779658318,0.12022528797388,-0.029069906100631,-0.13559724390507,0.057368401437998,-0.17003755271435,0.029494876042008,-0.085122026503086,0.096947640180588,0.036112230271101,0.058891635388136,0.011645195074379,-0.17536017298698,0.054982110857964,0.13854636251926,0.10814373940229,-0.011794651858509,0.06867690384388,0.014113876968622,0.13727603852749,0.0983981564641,-0.010459660552442,-0.046478129923344,0.017244137823582,-0.080494977533817,0.13525754213333,-0.0095181660726666,0.045787502080202,-0.062744818627834,0.074984848499298,0.12387983500957,0.090382941067219,0.00053115177433938,0.046138469129801,0.074375867843628,-0.073196977376938,-0.12297736853361,-0.057693876326084,0.0024016846437007,-0.14679946005344,-0.0078217210248113,0.066316820681095,0.089944712817669,0.10327383875847,0.12104381620884,-0.035860311239958,-0.036397837102413,0.065652593970299,-0.1336785107851,0.039607372134924,-0.014208875596523,0.0001375823339913,-0.043404031544924,-0.027373287826777,0.054073259234428,0.058239944279194,0.043997056782246,-0.11230351030827,-0.16183650493622,0.040071617811918,0.055359486490488,0.14894838631153,-0.03058871999383,0.18276281654835,0.1140588670969,0.023078113794327,-0.01839860342443,-0.12480317056179,-0.034346759319305,0.0061251474544406,-0.089083313941956,0.12607729434967,0.089796334505081,0.086887210607529,-0.0027483238372952,-0.08928956091404,-0.10057187080383,0.030384795740247,0.16896694898605,-0.14400564134121,-0.11972328275442,-0.17491385340691,-0.0454306229949,0.0039304816164076,-0.074869178235531,0.011979779228568,-0.042666275054216,-0.066432416439056,0.13905434310436,-0.03968507796526,0.057625532150269
0.073671296238899,0.093567743897438,-0.024315554648638,-0.0393011495471,0.080405652523041,0.14848549664021,0.09944973140955,-0.18172988295555,-0.09454595297575,0.11708819121122,0.021881237626076,0.042986631393433,0.081427827477455,-0.016903987154365,0.015632953494787,-0.067161381244659,-0.041072901338339,0.1533814817667,0.019942110404372,-0.029021756723523,0.077296011149883,0.051508370786905,-0.053775172680616,0.039514902979136,0.0023361050989479,0.11355789005756,-0.10729034245014,-0.15685488283634,0.11397040635347,0.20694655179977,-0.080824457108974,0.15347139537334,-0.12494070082903,-0.030164059251547,0.17752560973167,-0.064675718545914,-0.00076510972576216,0.079997032880783,0.16208334267139,-0.10375237464905,0.0011335172457621,-0.070681430399418,-0.059668377041817,0.065505586564541,-0.14943468570709,0.08435944467783,0.077052988111973,0.060191038995981,-0.13782188296318,-0.15498451888561,0.10894698649645,0.13735215365887,0.049102053046227,-0.0108727151528,0.071172930300236,0.0084788948297501,0.061574973165989,0.11545907706022,-0.079604364931583,-0.061707459390163,0.035560809075832,-0.052981123328209,0.18288391828537,-0.027661819010973,0.10976338386536,-0.046199053525925,0.024005757644773,0.05293183773756,-0.027668669819832,0.09405442327261,0.012317514978349,0.055777758359909,-0.056958172470331,-0.07094482332468,-0.078850477933884,-0.015628209337592,-0.11717826873064,-0.014789085835218,0.069576434791088,0.042632080614567,0.033915746957064,0.15128539502621,0.023670446127653,-0.0022121004294604,0.034073609858751,-0.1637537330389,0.082607187330723,0.010098986327648,0.015263142995536,0.066948175430298,0.027885943651199,-0.030953111127019,0.020471921190619,0.036347888410091,-0.161894723773,-0.16303890943527,0.061915628612041,0.0636106133461,0.13590669631958,-0.047298163175583,0.1660413146019,0.16547168791294,-0.0043040993623435,0.077999517321587,-0.057387378066778,-0.022550640627742,0.01749917678535,0.071148626506329,0.073860794305801,0.04891375079751,0.094085447490215,0.024478729814291,-0.1441595107317,-0.043715767562389,0.06426253169775,0.05161615088582,-0.18040770292282,-0.10591285675764,-0.060641754418612,0.01244637183845,0.069551303982735,-0.083395250141621,0.0052686687558889,-0.06145441904664,0.017674464732409,0.10439945012331,0.0041214213706553,-0.019730791449547
-0.03641290217638,0.10897202789783,-0.078225463628769,0.0014573483495042,0.021556070074439,0.10202343016863,-0.060640476644039,-0.16816660761833,-0.0091857053339481,-0.061691805720329,0.010807114653289,-0.078671470284462,-0.017319461330771,0.019755916669965,0.093356229364872,-0.04868633672595,-0.089012339711189,-0.048777393996716,0.15432284772396,0.045206069946289,0.017630016431212,-0.012331587262452,0.08393682539463,0.010698777623475,0.049515906721354,0.015915170311928,-0.033804036676884,-0.17137405276299,0.057768873870373,0.063734382390976,0.096853636205196,-0.084979578852654,0.051163669675589,-0.082666501402855,0.18232610821724,0.16199295222759,0.040501341223717,0.037251453846693,-0.044706720858812,-0.10616960376501,-0.021741634234786,-0.026342229917645,-0.025334989652038,0.13852141797543,-0.13358391821384,0.22268013656139,0.18143971264362,0.06514698266983,-0.11001965403557,-0.018460653722286,-0.17137451469898,0.02906627766788,0.12599088251591,-0.048723392188549,0.11408218741417,0.059237450361252,-0.022750977426767,0.082244791090488,0.0026531862094998,-0.10285452008247,-0.093034729361534,0.052385184913874,0.20107842981815,-0.086168117821217,0.13846792280674,0.0083382045850158,0.04888740926981,-0.039686232805252,0.0046768924221396,0.099101379513741,0.0070395725779235,0.020511977374554,-0.071009233593941,-0.080124638974667,0.075431227684021,-0.029949516057968,-0.13013553619385,0.051504414528608,0.042118456214666,0.057960782200098,0.0044512310996652,0.064999252557755,-0.13739833235741,-0.041805043816566,0.0060359099879861,-0.024825055152178,-0.086417242884636,-0.036040008068085,-0.046334072947502,0.080516450107098,0.16797442734241,0.017436685040593,3.5818666219711e-05,-0.10978171229362,0.0097233904525638,-0.11598477512598,0.020657988265157,0.16538946330547,0.09639760106802,-0.087864078581333,0.0018676938489079,0.05745305120945,0.056854795664549,-0.19604280591011,-0.18162541091442,0.11951093375683,0.057848691940308,0.0043967459350824,0.079479090869427,0.08714997023344,0.098983153700829,-0.0088445777073503,-0.031457506120205,-0.14094689488411,0.023070357739925,0.067046262323856,-0.038220793008804,-0.16992169618607,0.028134910389781,0.074484527111053,0.077763512730598,-0.063763692975044,-0.0071223992854357,0.07871326059103,-0.082610182464123,0.078987494111061,0.12357015907764,0.068724662065506
0.021370330825448,0.08441223949194,-0.10288547724485,-0.056772716343403,0.025535825639963,0.10776830464602,-0.03197992965579,-0.1926022619009,-0.047345198690891,0.17628517746925,0.028718136250973,-0.028264921158552,0.083929248154163,0.024978201836348,0.029034577310085,-0.0057886121794581,-0.0072371903806925,0.12427234649658,0.11423642188311,-0.031037714332342,0.03907685354352,0.066129766404629,-0.0076392865739763,0.043788153678179,-0.018841758370399,0.082243546843529,-0.05013520270586,-0.15772213041782,0.089408650994301,0.21504707634449,-0.070044688880444,0.063196361064911,-0.025677479803562,-0.10362724214792,0.16791744530201,0.010991960763931,0.01139538642019,-0.00012013550440315,0.14740708470345,-0.041238125413656,-0.12291581183672,-0.052842814475298,-0.12224780768156,0.016836602240801,-0.064688257873058,0.12942141294479,0.058533240109682,0.1142662987113,-0.067143179476261,-0.13923650979996,0.088180005550385,0.16368243098259,0.13290910422802,-0.036690805107355,-0.0024146849755198,0.020755350589752,0.15693716704845,-0.0055509260855615,-0.030999353155494,-0.046499766409397,0.041409678757191,-0.0048441328108311,0.12525650858879,-0.00014361168723553,0.020453657954931,-0.071267656981945,0.032443322241306,0.10904554277658,0.045045807957649,0.018011379987001,0.018835909664631,0.020913554355502,-0.098777800798416,-0.16811423003674,-0.035693034529686,0.045274049043655,-0.15616126358509,0.009382645599544,0.065713614225388,0.076816216111183,0.085566475987434,0.13429044187069,-0.030400229617953,0.044021084904671,0.036747608333826,-0.036095596849918,-0.011469079181552,-0.028167404234409,0.0014741398626938,0.026337653398514,-0.048922006040812,0.05908153578639,0.056497666984797,0.10250817239285,-0.14850302040577,-0.15128019452095,0.0033545417245477,0.067269906401634,0.11642023175955,-0.074600130319595,0.25986498594284,0.11669480055571,-0.0063973851501942,-0.042255092412233,-0.031469445675611,-0.028993124142289,0.025412179529667,-0.052943162620068,0.037215918302536,0.15105107426643,0.082675822079182,-0.044464580714703,-0.023425912484527,-0.11200162768364,-0.024481957778335,0.12876613438129,-0.20481480658054,-0.05929596722126,-0.13098642230034,-0.029702568426728,0.037793125957251,-0.14130076766014,0.0086171925067902,-0.08742767572403,-0.055132780224085,0.15398794412613,-0.047096986323595,0.036654710769653
0.072836548089981,0.0080469008535147,0.0060504553839564,-0.08706945925951,0.10058296471834,0.12437202781439,0.071243867278099,-0.13151144981384,-0.084870234131813,0.11150591820478,0.0062058684416115,0.059378981590271,0.14348572492599,0.051273543387651,0.02715715020895,-0.036321625113487,-0.0068891798146069,0.12751877307892,-0.026972195133567,-0.015147151425481,0.10103617608547,0.09406616538763,-0.051423721015453,0.093207262456417,-0.049610991030931,0.097053430974483,-0.09073930233717,-0.13081957399845,0.059911530464888,0.19566094875336,-0.097707413136959,0.083149135112762,-0.10835321247578,-0.031852170825005,0.11988513916731,-0.02932053245604,-0.0046465964987874,0.073723994195461,0.1128017231822,-0.030845429748297,-0.013396279886365,0.015814857557416,-0.079763203859329,0.0047010984271765,-0.1166892722249,0.057307925075293,0.029587185010314,0.055095352232456,-0.050751123577356,-0.16019253432751,0.13781268894672,0.043611757457256,0.04126963019371,0.021367168053985,0.074924297630787,0.013504545204341,0.067974470555782,0.10969202965498,-0.03716216981411,-0.057440485805273,0.047967974096537,-0.037240639328957,0.078733742237091,0.0054166810587049,0.053391020745039,-0.087195985019207,0.043193861842155,0.1452399045229,0.027750555425882,-0.0051269386895001,0.079565539956093,0.065224267542362,-0.026007801294327,-0.1694174259901,-0.049744855612516,0.10618501901627,-0.15341393649578,-0.0063970591872931,0.084685832262039,0.054204817861319,0.095960237085819,0.13899658620358,0.059210140258074,0.045377269387245,0.011597666889429,-0.10050450265408,0.14573195576668,0.034732326865196,-0.026099789887667,0.021961817517877,-0.056613896042109,-0.030600138008595,0.063635520637035,0.078284241259098,-0.22843696177006,-0.14123602211475,0.019026461988688,0.018192633986473,0.11081746965647,-0.024404542520642,0.20280754566193,0.13159258663654,-0.01427410915494,0.081506125628948,-0.063147008419037,-0.058886576443911,-0.072283573448658,-0.0042915092781186,-0.0064316843636334,0.051939196884632,0.078638672828674,-0.012378756888211,-0.11524953693151,-0.025338249281049,-0.0010679741390049,0.13575975596905,-0.25665411353111,-0.052670016884804,-0.22847461700439,-0.022220242768526,0.015764348208904,-0.082778923213482,-0.015274507924914,-0.084513679146767,-0.01319433376193,0.15388944745064,-0.12482889741659,-0.0060842055827379
0.030106544494629,0.075966261327267,-0.054429665207863,-0.088087037205696,-0.012636288069189,0.057595763355494,-0.0058184177614748,-0.13111005723476,-0.029558872804046,0.20081378519535,0.063975296914577,-0.047072593122721,0.076941594481468,0.088938422501087,0.093586809933186,-0.033027660101652,0.022546745836735,0.050343707203865,0.11975461989641,-0.07862001657486,-0.014949785545468,0.12924563884735,-0.08497030287981,0.039185412228107,-0.031936544924974,0.07774855196476,0.001556942705065,-0.038505245000124,0.08922478556633,0.19734977185726,-0.11309345066547,-0.0010465231025591,-0.01063091494143,-0.080545641481876,0.10286727547646,0.023065539076924,0.028105370700359,-0.031083721667528,0.14319814741611,0.038865346461535,-0.13283798098564,-0.035039789974689,-0.1434363424778,-0.055611781775951,0.0070302202366292,0.15643590688705,-0.026417011395097,0.096666216850281,-0.020754873752594,-0.17120124399662,0.095189400017262,0.20633493363857,0.098303638398647,-0.0223773047328,-0.019202372059226,0.046524170786142,0.093922354280949,-0.015785917639732,-0.069137953221798,0.058674167841673,0.047936785966158,-0.035023920238018,0.050886560231447,0.029821619391441,-0.046677235513926,-0.039901554584503,0.064455769956112,0.14844863116741,0.073686607182026,-0.024228872731328,0.048604045063257,-0.010946157388389,-0.095392063260078,-0.16713100671768,0.011642261408269,0.08724007755518,-0.11530788242817,-0.0028863104525954,0.060345765203238,0.060970317572355,0.11658583581448,0.088803969323635,0.0089488420635462,0.058046229183674,0.047875639051199,-0.028466235846281,0.014149744063616,-0.065555937588215,-0.0032993634231389,0.051791161298752,-0.085625439882278,0.03440747782588,0.08972804248333,0.16654987633228,-0.16940797865391,-0.13153736293316,-0.0069620283320546,-0.081062518060207,0.15373222529888,-0.052615500986576,0.23684293031693,0.12666647136211,-0.025014232844114,-0.074864700436592,-0.046705935150385,-0.022079817950726,0.011556137353182,-0.10864545404911,-0.014022890478373,0.11759542673826,0.11308699846268,-0.078145995736122,-0.018901526927948,-0.083906188607216,-0.035669792443514,0.12811501324177,-0.18084861338139,-0.0144849922508,-0.15653328597546,-0.063407756388187,0.03367830440402,-0.16421501338482,-0.010388693772256,-0.059288334101439,0.00046485618804581,0.16234731674194,-0.054118126630783,0.019296195358038
-0.0051785833202302,0.17087964713573,-0.026032919064164,-0.04506216570735,-0.011373853310943,0.1118091493845,-0.03237983211875,-0.16011868417263,0.031718008220196,-0.092857845127583,0.011962221935391,-0.041264023631811,-0.0071811433881521,-0.015412294305861,0.057128228247166,-0.066849030554295,-0.10497274249792,-0.059428166598082,0.053684879094362,0.0084248138591647,0.028931180015206,0.10036630928516,-0.01571486517787,0.087852336466312,0.010413668118417,0.053967595100403,0.019453465938568,-0.11077904701233,0.10045881569386,0.13065506517887,0.055581197142601,-0.017711734399199,0.033210020512342,0.005461092106998,0.15641528367996,0.092286147177219,0.10342870652676,0.054617408663034,-0.012650473974645,-0.057523064315319,0.013543819077313,-0.091046422719955,0.02648607827723,0.15455093979836,-0.085059404373169,0.19631639122963,0.18796510994434,0.057806860655546,-0.15083265304565,-0.0079335914924741,-0.082643993198872,0.081428036093712,0.0983612164855,-0.0045658070594072,0.162811383605,0.072786256670952,-0.072258338332176,0.10639049112797,-0.035681426525116,-0.13728579878807,-0.10142713040113,-0.01648711040616,0.20064635574818,-0.055657129734755,0.057348541915417,-0.028546122834086,0.082382671535015,-0.072977006435394,-0.036124635487795,0.12350070476532,-0.035336427390575,-0.061355970799923,-0.10409624129534,-0.023645414039493,0.1123423203826,-0.050011567771435,-0.11124458163977,0.054166905581951,0.037913203239441,0.076056890189648,0.071454174816608,0.13146775960922,-0.070069141685963,-0.042720258235931,0.045258469879627,-0.071583203971386,-0.042280595749617,-0.05765350535512,-0.04320053011179,0.16972705721855,0.15821376442909,-0.085244752466679,-0.040261019021273,-0.073425084352493,-0.031089758500457,-0.06686732172966,0.0237678848207,0.110989831388,0.15112647414207,-0.1019676476717,0.012768085114658,0.10258692502975,0.031833786517382,-0.048678420484066,-0.21339182555676,0.06538737565279,-0.023910239338875,0.042576868087053,0.027419185265899,0.022552490234375,0.15037116408348,0.024367490783334,-0.1468590348959,-0.091510280966759,0.020768404006958,0.052914801985025,-0.026283103972673,-0.22021260857582,0.049478679895401,0.092972256243229,0.15927751362324,-0.021365407854319,0.031874623149633,0.065469443798065,-0.045602880418301,0.042727261781693,0.14168561995029,0.020872417837381
-0.069200001657009,0.11824005097151,-0.010301570408046,0.080907680094242,0.017677588388324,0.15094144642353,-0.077236764132977,-0.30360588431358,0.030676636844873,-0.033812120556831,-0.0068356459960341,0.050512433052063,-0.086042799055576,-0.039084937423468,0.050024274736643,-0.047759525477886,-0.12859803438187,0.023961769416928,0.14054949581623,-0.052302643656731,-0.020850518718362,0.033482234925032,-0.041526395827532,0.03942621871829,0.1248988583684,0.063223011791706,-0.059375315904617,-0.14379832148552,-0.043141916394234,0.14728862047195,0.10230769217014,0.051599185913801,0.012050814926624,-0.078778736293316,0.1746434867382,0.11323069036007,-0.0013113326858729,-0.13292017579079,0.082067511975765,-0.064529776573181,0.06714390963316,-0.096419014036655,0.037883121520281,0.033674012869596,-0.053655248135328,0.14650337398052,0.15150153636932,-0.016270808875561,-0.108144775033,-0.12050846219063,0.012966194190085,0.026588464155793,0.20656280219555,-0.072756513953209,0.10057725012302,0.11895293742418,-0.051617596298456,0.071338556706905,-0.056577209383249,-0.011283641681075,-0.06272979080677,0.05497457459569,0.13286131620407,-0.10143303871155,0.14834643900394,0.04947616532445,0.037555776536465,-0.050994798541069,-0.084079660475254,0.12063197791576,0.017735563218594,0.03946615755558,-0.093346603214741,-0.09801859408617,0.068062759935856,0.058766223490238,-0.13085709512234,-0.058276373893023,-0.037678729742765,0.079711720347404,0.011519403196871,0.13748326897621,-0.024331249296665,0.038165375590324,-0.042448773980141,-0.01660130918026,-0.018081311136484,-0.083225406706333,-0.13889722526073,0.095022156834602,0.018150864169002,-0.011289399117231,0.046871967613697,0.022765785455704,-0.088689550757408,-0.024057045578957,-0.0051658228039742,0.0401266887784,0.14282365143299,-0.047061674296856,0.057284262031317,0.043881218880415,-0.010152372531593,-0.12796296179295,-0.082761183381081,0.082674227654934,0.057623319327831,-0.0031660834793001,-0.095356561243534,0.13565669953823,0.067129656672478,-0.082313537597656,-0.025288056582212,-0.16710491478443,0.0077998316846788,0.024209521710873,-0.14421425759792,-0.050534967333078,0.034431360661983,0.060197502374649,0.17321866750717,-0.085920430719852,-0.018906187266111,-0.071121796965599,0.011762740090489,0.17819827795029,0.09463432431221,0.052782971411943
0.049323186278343,0.25605666637421,0.029288329184055,-0.08035346865654,-0.0047999355010688,0.088480845093727,0.036452807486057,-0.039046559482813,-0.03835166618228,0.077372543513775,0.034161597490311,-0.048394251614809,0.067947708070278,0.032246753573418,0.027746215462685,0.0052193915471435,0.022884599864483,-0.038748037070036,-0.082807347178459,0.036997593939304,0.057523641735315,-0.0056526665575802,-0.04044072329998,-0.0071806255728006,-0.029893528670073,0.0060622449964285,-0.1114330291748,0.0015301371458918,0.14641693234444,0.079268895089626,-0.092711687088013,0.10739116370678,-0.057273905724287,0.023577382788062,-0.043201595544815,0.016642820090055,0.044913798570633,0.1764789223671,0.12135257571936,0.077743969857693,-0.06895636767149,-0.054551221430302,-0.094935707747936,-0.20492848753929,0.031751025468111,0.21505998075008,0.041567746549845,-0.033086739480495,-0.18655352294445,-0.054988257586956,0.02386499196291,0.31815242767334,-0.069987513124943,0.075424283742905,0.0063474061898887,-0.033930435776711,0.11355224996805,-0.016030322760344,-0.09160889685154,-0.031519640237093,0.00032470817677677,0.0069813937880099,0.060134448111057,-0.11320820450783,-0.036726515740156,-0.003569943131879,0.060051914304495,0.18440973758698,-0.023079190403223,0.087931729853153,0.080118089914322,0.016693089157343,-0.11592760682106,0.0089925145730376,0.15906457602978,0.088831633329391,-0.026795437559485,0.070276319980621,0.040548581629992,0.023636510595679,-0.069760024547577,0.11317680776119,0.047819491475821,0.069404244422913,0.026468008756638,0.058262348175049,0.015849197283387,-0.016391083598137,0.025703245773911,0.054723918437958,-0.036940395832062,-0.13687147200108,0.0680335983634,0.14611865580082,-0.098417207598686,-0.16251307725906,0.074582748115063,-0.012000432237983,0.090172059834003,-0.056808337569237,0.071068570017815,0.076177209615707,-0.11934263259172,0.21016751229763,-0.096813410520554,0.07030425965786,-0.042429551482201,0.092294409871101,0.051675166934729,-0.10043957829475,0.0096196457743645,0.056977584958076,-0.11586130410433,0.029193893074989,0.075387939810753,0.058449264615774,-0.21708612143993,-0.087316401302814,-0.011654791422188,0.07238645106554,0.008177487179637,0.017836172133684,0.042345918715,0.04820255190134,0.082427054643631,0.10587937384844,0.032574068754911,-0.055429253727198
0.045125395059586,0.13663750886917,0.033473402261734,-0.14920058846474,0.008932963013649,0.096717029809952,-0.0031859821174294,-0.00053799443412572,-0.19007652997971,0.082075327634811,-0.03023880533874,-0.029037894681096,0.13237962126732,0.041638568043709,0.10211366415024,-0.027976172044873,-0.019919948652387,-0.074556365609169,-0.035894468426704,0.10529742389917,0.029580499976873,-0.045013032853603,0.044133346527815,-0.02327173948288,-0.056354489177465,0.11425770819187,-0.12206114828587,-0.11034785956144,0.052001241594553,-0.0085107171908021,-0.069513291120529,0.068627908825874,-0.10498046129942,0.046969581395388,-0.048703990876675,0.044248595833778,-0.01699186488986,0.26244866847992,0.099936477839947,0.07157501578331,-0.05808325484395,-0.033129516988993,-0.11395794153214,-0.11714793741703,-0.038711816072464,0.18064738810062,0.096300885081291,-0.0088684661313891,-0.22689762711525,-0.010922640562057,0.0088170943781734,0.11492945253849,-0.064587190747261,0.074756354093552,0.025886127725244,-0.052174523472786,0.076978743076324,0.10752284526825,-0.032370362430811,-0.087513074278831,0.013758124783635,0.051977921277285,0.080260574817657,-0.089506462216377,0.034364063292742,0.009393522515893,0.054774846881628,0.22468812763691,0.0098193669691682,0.011562294326723,0.05773089081049,0.080386139452457,-0.05776834487915,0.0417864844203,0.11113397777081,0.043902423232794,-0.10018394142389,-0.0026906433049589,0.13838742673397,0.091709546744823,-0.080972626805305,0.043649081140757,-0.0042225415818393,-0.0013828939991072,-0.068548321723938,-0.039132613688707,0.085796266794205,0.019487036392093,0.078917168080807,-0.010378015227616,-0.0080721834674478,-0.085689134895802,0.13211922347546,0.1003295481205,-0.12089376151562,-0.12620632350445,0.10457504540682,0.038988832384348,0.039619624614716,-0.074841611087322,-0.015217042528093,0.059997446835041,-0.12133675813675,0.18800461292267,-0.13514752686024,0.059667780995369,-0.12734492123127,0.10764642804861,0.055038627237082,-0.10623065382242,0.060723099857569,0.13648869097233,-0.12757168710232,0.020266832783818,0.056325364857912,0.062199991196394,-0.23541866242886,-0.14276453852654,-0.048712588846684,0.048419214785099,-0.0013143325923011,0.012179059907794,0.03861666098237,0.062893375754356,0.024541130289435,0.040346179157495,-0.040574729442596,-0.066605247557163
0.057491902261972,0.17389912903309,0.048595178872347,-0.12238249927759,0.029802275821567,0.14065036177635,0.021952444687486,-0.0092549016699195,-0.18849514424801,0.08181919157505,-0.032918784767389,-0.03082419000566,0.13540905714035,0.0015560043975711,0.12583421170712,-0.037830803543329,-0.030111627653241,-0.071075856685638,-0.057801838964224,0.10356254130602,0.025692829862237,-0.038785073906183,0.037477966398001,-0.014842915348709,-0.024941762909293,0.06187891587615,-0.16079650819302,-0.098183996975422,0.06928276270628,0.010716969147325,-0.040927451103926,0.082629539072514,-0.12465357780457,0.046366926282644,-0.030661258846521,0.032047521322966,-0.017370158806443,0.21614508330822,0.11077950149775,0.045067612081766,-0.026556707918644,-0.061198353767395,-0.091839410364628,-0.12110798060894,-0.06976530700922,0.15908527374268,0.090858943760395,0.0055238851346076,-0.22642995417118,0.004357120487839,0.02430666051805,0.11834879219532,-0.048760216683149,0.054650966078043,0.019716924056411,-0.058219417929649,0.052920486778021,0.098482102155685,-0.029829507693648,-0.097311094403267,-0.025915682315826,0.066861964762211,0.072897203266621,-0.11894377321005,0.024939784780145,0.046948179602623,0.059400867670774,0.19171924889088,-0.056781344115734,-0.010230501182377,0.056884121149778,0.10404689610004,-0.054354343563318,0.039119496941566,0.11431791633368,0.052851233631372,-0.091965161263943,-0.036607839167118,0.1486427038908,0.13793544471264,-0.052662126719952,0.024611653760076,0.019166067242622,0.024904243648052,-0.026802714914083,-0.034760344773531,0.069481432437897,0.018588915467262,0.074838005006313,0.018391272053123,-0.002277867635712,-0.092352829873562,0.10383561998606,0.11684591323137,-0.15055093169212,-0.13842053711414,0.096623681485653,0.049344323575497,0.021386664360762,-0.079374521970749,0.0035722583997995,0.064873874187469,-0.10890705883503,0.18667787313461,-0.16145870089531,0.078216545283794,-0.10411430895329,0.13179408013821,0.077822394669056,-0.077505819499493,0.072893433272839,0.13882996141911,-0.12808954715729,0.028236789628863,0.04880528897047,0.050924479961395,-0.24351125955582,-0.084846995770931,-0.049681577831507,0.074110954999924,0.0097572468221188,-0.020366979762912,0.037464380264282,0.054800357669592,0.038207978010178,0.046717043966055,-0.023361029103398,-0.071674950420856
0.12590062618256,0.13434943556786,-0.064731702208519,-0.082467906177044,0.10437867045403,0.22837071120739,0.10126679390669,0.013059884309769,-0.13916943967342,0.031111851334572,0.0054117222316563,0.025617321953177,0.07746510207653,-0.12951877713203,-0.011588672176003,0.034188143908978,-0.050995510071516,-0.021188652142882,-0.071632020175457,0.051016505807638,0.14936210215092,0.010844534263015,-0.018982099369168,0.045703798532486,0.0063278879970312,0.015266287140548,-0.04879180714488,-0.14409536123276,0.12831598520279,0.11747473478317,-0.082642987370491,0.009745798073709,-0.11408657580614,0.078004658222198,0.039366614073515,-0.061672173440456,-0.00054679799359292,0.074394673109055,0.040644962340593,-0.072087273001671,0.0084752030670643,-0.096964344382286,0.047505181282759,0.086472265422344,-0.085827432572842,0.089040048420429,0.14856515824795,0.021668901666999,-0.26348716020584,0.014521754346788,0.081315323710442,0.021001938730478,-0.078627496957779,0.0055244974792004,0.12465005367994,-0.0075953379273415,-0.051946233958006,0.15157760679722,-0.063101574778557,-0.11445896327496,-0.017540089786053,-0.041384920477867,0.22013609111309,-0.1268752515316,0.11414525657892,-0.050941124558449,-0.061664294451475,0.066037438809872,-0.084195330739021,0.058784324675798,-0.023077912628651,0.082001745700836,-0.10263814032078,-0.053348921239376,0.018453413620591,0.049308888614178,0.0032809872645885,0.082248389720917,0.075760297477245,0.07553593069315,0.020707251504064,0.026575498282909,0.044213268905878,0.0043980358168483,-0.038706429302692,-0.059628210961819,0.06131050363183,0.024498887360096,0.058460641652346,0.13630220293999,0.066488236188889,-0.15738040208817,-0.16101308166981,0.069938145577908,-0.085708767175674,-0.039504449814558,0.093335345387459,0.044461742043495,0.039891764521599,-0.030975855886936,0.067637547850609,0.084517493844032,-0.065186962485313,0.098915465176105,-0.19774904847145,0.039553858339787,-0.092854276299477,0.14257745444775,-0.0079464688897133,-0.096435621380806,0.12310016155243,0.097770400345325,-0.099036745727062,0.0064864242449403,0.1396387219429,0.067139603197575,-0.17521038651466,-0.040365632623434,-0.040822762995958,0.1183857023716,0.022839238867164,-0.029373701661825,0.096221476793289,0.038184389472008,0.049423724412918,0.078473448753357,0.052200071513653,-0.10574478656054
0.011935736984015,0.073475368320942,0.022533308714628,0.039952110499144,-0.024792386218905,0.21724157035351,0.095714651048183,-0.034626472741365,0.045630287379026,-0.075166128575802,0.041364226490259,-0.003808218985796,0.0864352658391,-0.1725037842989,0.0078960228711367,-0.044014900922775,-0.23166804015636,-0.0050587635487318,-0.15377943217754,0.026237852871418,0.1538759469986,-0.079796098172665,-0.033002145588398,0.15567824244499,0.0064940792508423,-0.13434180617332,-0.15799158811569,-0.21910034120083,-0.032723367214203,0.090974308550358,0.073545686900616,0.014817325398326,-0.10766275972128,0.11893727630377,0.049993254244328,0.030318059027195,0.007191279437393,-0.036354336887598,-0.04615481197834,-0.0073650013655424,0.1300074160099,-0.18717515468597,0.023491259664297,0.055059723556042,-0.047228783369064,-0.088590629398823,0.12089693546295,0.040596898645163,-0.1135238930583,0.045434579253197,-0.020781267434359,-0.13306304812431,0.010795418173075,0.037359394133091,0.11285461485386,0.078345879912376,-0.077451452612877,0.071596384048462,-0.0078845750540495,-0.11536808311939,-0.068684339523315,0.066920064389706,0.099095307290554,-0.14010369777679,0.044534135609865,0.018117072060704,0.075065612792969,-0.098027229309082,-0.093233950436115,0.0094270277768373,-0.069751486182213,0.057567976415157,-0.057817801833153,0.0043185320682824,0.08437380194664,-0.00085130473598838,-0.043965239077806,0.026129219681025,0.040141310542822,0.14756913483143,0.024571048095822,-0.025573078542948,-0.010986669920385,-0.013688324019313,-0.11258939653635,0.16035763919353,0.071033373475075,-0.060023512691259,-0.077162690460682,0.084484435617924,0.11876125633717,-0.18674109876156,-0.0011357231996953,-0.068751156330109,-0.2124904692173,-0.020859429612756,-0.094548143446445,0.031519759446383,0.093997187912464,0.03804574906826,0.090815775096416,-0.010142874903977,-0.02441468834877,0.055885162204504,0.0090834507718682,0.045947961509228,-0.060913693159819,0.16875629127026,-0.13915690779686,0.027247982099652,-0.039780076593161,0.050125390291214,-0.087103791534901,-0.1250621676445,0.0051126931793988,0.1160736605525,-0.065820209681988,0.027333905920386,-0.0039790864102542,0.13000640273094,0.091523803770542,-0.055877353996038,-0.018350958824158,0.10089498758316,-0.060899239033461,0.078057445585728,-0.032269854098558,0.020713411271572
0.036122500896454,0.19681692123413,-0.015921741724014,-0.14323012530804,0.015531327575445,0.08614058047533,0.010964831337333,-0.041534118354321,-0.15416587889194,0.12174713611603,0.0032243088353425,-0.044252675026655,0.12138364464045,0.017667798325419,0.091695420444012,-0.0065472521819174,-0.011993761174381,-0.049133948981762,-0.033191807568073,0.075887136161327,0.019210020080209,-0.055535428225994,0.017787449061871,-0.055381506681442,-0.027596706524491,0.10189634561539,-0.10717680305243,-0.10017140209675,0.091236129403114,0.03030570410192,-0.079028241336346,0.10206945985556,-0.089510098099709,0.014687498100102,-0.025722377002239,0.021632079035044,0.0032958269584924,0.22365206480026,0.14467886090279,0.052179966121912,-0.050160620361567,-0.079054296016693,-0.10144191980362,-0.10780534893274,-0.038935925811529,0.2242583334446,0.091163203120232,0.0073235519230366,-0.24990157783031,-0.066868595778942,0.0010842533083633,0.17361304163933,-0.056707795709372,0.041343878954649,-0.013779228553176,-0.042825240641832,0.073861069977283,0.066053465008736,-0.067566312849522,-0.060171123594046,0.0070487260818481,0.017131112515926,0.099787369370461,-0.080299369990826,0.031457226723433,0.031271196901798,0.02726080827415,0.22392123937607,0.0087771648541093,0.0052322475239635,0.050157085061073,0.06259723752737,-0.087446659803391,0.0032972029875964,0.12490970641375,0.052384570240974,-0.087959200143814,0.019458796828985,0.099912606179714,0.081794135272503,-0.088257975876331,0.058323565870523,-0.01147090177983,0.024741612374783,-0.060028865933418,-0.0044946023263037,0.055567119270563,-0.00478949630633,0.067446522414684,0.0028817227575928,-0.017519131302834,-0.087590381503105,0.092401839792728,0.10686325281858,-0.11834021657705,-0.14837203919888,0.095346063375473,0.030429990962148,0.05908015742898,-0.094793185591698,0.012709227390587,0.040784910321236,-0.10460679233074,0.18316625058651,-0.11735153198242,0.061808560043573,-0.088850170373917,0.15381419658661,0.068978406488895,-0.093159720301628,0.060554258525372,0.10355049371719,-0.12856942415237,0.013595758937299,0.060873471200466,0.033311054110527,-0.27663272619247,-0.12235502153635,-0.014899451285601,0.049214404076338,0.013287791050971,0.0034492111299187,0.031578484922647,0.082313783466816,0.045359037816525,0.047431640326977,-0.032244335860014,-0.077561743557453
