-0.0078338719904423,0.13792231678963,-0.034713588654995,-0.076164543628693,0.020441643893719,-0.019336199387908,-0.10470800101757,-0.18566755950451,0.02020918764174,-0.044097848236561,0.056675959378481,-0.050896745175123,-0.0048057115636766,0.10821099579334,-0.02316877245903,0.14290803670883,-0.017084220424294,-0.020231628790498,0.060404025018215,-0.11177349090576,0.13451696932316,0.16351024806499,0.067233115434647,-0.03639267385006,0.06168744713068,0.089666269719601,0.10781858861446,-0.048753079026937,0.13805091381073,0.19243250787258,-0.015888372436166,-0.041581343859434,0.062801420688629,-0.074469372630119,0.044932320713997,0.013794960454106,0.02005528844893,0.087310865521431,0.16204352676868,0.16050311923027,-0.158810287714,0.085630483925343,-0.025908013805747,0.041415117681026,0.045734770596027,0.18485046923161,0.094489768147469,-0.082017034292221,-0.012350056320429,-0.12215387821198,0.050269391387701,0.20697759091854,0.012603241950274,0.021657194942236,-0.037921767681837,0.031670991331339,0.20787569880486,0.054868098348379,-0.052524667233229,0.042867310345173,0.022983614355326,-0.11318897455931,0.094265662133694,0.055973961949348,0.024855703115463,-0.19266249239445,0.0017093460774049,0.11892683804035,0.14546631276608,0.15070842206478,0.06146252527833,0.035724103450775,-0.10476500540972,-0.12787359952927,0.061234213411808,0.02736197412014,-0.11964294314384,0.059924997389317,-0.13517136871815,0.063695646822453,0.09117516875267,0.15974974632263,0.048692516982555,0.10796546936035,-0.042743779718876,-0.011571610346437,-0.0083805741742253,-0.067979775369167,-0.14201982319355,-0.063912861049175,-0.086817540228367,-0.013087503612041,-0.056427959352732,0.060646578669548,0.0351941883564,-0.067024499177933,-0.044366393238306,0.12185326963663,0.12212606519461,3.2337185984943e-05,-0.0083210598677397,0.034260395914316,-0.0048348917625844,0.11134319752455,-0.044981651008129,-0.06572961807251,-0.028588669374585,0.026256509125233,0.091676890850067,-0.075443871319294,0.022512366995215,-0.060850657522678,-0.10270246863365,0.048139911144972,0.015579592436552,0.15870188176632,-0.09380666166544,-0.066018879413605,-0.095376409590244,0.034847877919674,0.035618275403976,0.091586582362652,-0.026657791808248,-0.050544496625662,-0.057538859546185,0.074324995279312,0.00052712811157107,0.1004971191287
-0.02045451104641,0.1359229683876,-0.025321180000901,-0.089484952390194,0.030630404129624,-0.015798481181264,-0.073765397071838,-0.15285420417786,0.097952224314213,-0.062343891710043,0.05273849517107,-0.048139490187168,0.0057834461331367,0.14189563691616,-0.021850170567632,0.10975924134254,0.010186865925789,-0.012855289503932,0.004639130551368,-0.12238390743732,0.14292933046818,0.16986660659313,0.053223513066769,-0.032458990812302,0.044113896787167,0.03706044331193,0.09309745579958,-0.010212081484497,0.13241626322269,0.19160217046738,0.037973403930664,-0.06147912889719,0.07761687785387,-0.075156383216381,0.054077602922916,0.051562137901783,0.016649261116982,0.098595306277275,0.078741975128651,0.15987963974476,-0.15114668011665,0.12985427677631,-0.043521594256163,0.082534983754158,0.036485824733973,0.16769389808178,0.044678252190351,-0.069046348333359,0.035028226673603,-0.10865467786789,0.024839153513312,0.21413794159889,-0.03013295866549,-0.0068602943792939,-0.029707539826632,0.056949581950903,0.12639711797237,0.075397245585918,-0.056640662252903,0.047081217169762,-0.025395914912224,-0.14910544455051,0.085941679775715,0.024295220151544,0.048996079713106,-0.25100418925285,0.0088534289970994,0.11432422697544,0.1051118299365,0.20150151848793,0.11929838359356,0.038503147661686,-0.081834845244884,-0.16369543969631,0.010799533687532,0.050950419157743,-0.11125441640615,0.07981138676405,-0.14831273257732,0.023412762209773,0.070366509258747,0.14907567203045,0.039826817810535,0.11998558044434,-0.041899301111698,-0.052875030785799,0.0097320675849915,-0.059115923941135,-0.12282280623913,-0.04632430896163,-0.10495902597904,-0.048148922622204,-0.060201875865459,0.011514573357999,0.084852501749992,-0.066557511687279,-0.04499801620841,0.085239343345165,0.09025102108717,0.035300184041262,-0.021573692560196,0.060271888971329,-0.012118984945118,0.082096621394157,-0.069219373166561,-0.067849986255169,-0.050496131181717,-0.024898424744606,0.11488779634237,-0.070791438221931,0.0028501143679023,-0.077675797045231,-0.13524301350117,0.083133526146412,0.031009970232844,0.15772093832493,-0.045134257525206,-0.078444167971611,-0.087277889251709,0.075321070849895,0.030032945796847,0.10003836452961,-0.04271762445569,-0.0028727108146995,-0.026343010365963,0.044438682496548,0.018604012206197,0.097957104444504
-0.042261149734259,0.1221265271306,-0.0068666189908981,-0.062771201133728,0.022699285298586,0.0025383124593645,-0.090370170772076,-0.16627010703087,0.070746809244156,-0.02212899364531,0.056859511882067,-0.025295872241259,-0.015907056629658,0.063050463795662,0.0080085666850209,0.118163831532,-0.041621223092079,-0.060828298330307,0.040929976850748,-0.11059496551752,0.10334078222513,0.1696245521307,0.040572971105576,0.0098147457465529,0.069660402834415,0.096904113888741,0.1071630641818,-0.063992753624916,0.12381180375814,0.15766398608685,0.053247686475515,-0.053697552531958,0.037440855056047,-0.056513600051403,0.028308592736721,0.056893829256296,0.0022981779184192,0.068735301494598,0.10746403038502,0.20037046074867,-0.091024070978165,0.06494165211916,-0.071095012128353,0.070960208773613,0.041429597884417,0.16471412777901,0.069874815642834,-0.058625821024179,0.044028826057911,-0.12822024524212,0.071880832314491,0.20253136754036,-0.018354143947363,-0.029556972905993,-0.0037358889821917,0.051727566868067,0.13236445188522,0.069957315921783,-0.044959954917431,0.069030925631523,-0.023756058886647,-0.15496444702148,0.072411552071571,0.047241900116205,0.052569638937712,-0.25460433959961,0.035912431776524,0.10785515606403,0.14603008329868,0.18515595793724,0.069337330758572,0.088310226798058,-0.095851831138134,-0.11533781141043,0.065949000418186,0.025141268968582,-0.13597981631756,0.13196149468422,-0.14177785813808,0.097317136824131,0.082416333258152,0.14395071566105,0.079025067389011,0.1240364164114,-0.05246315523982,-0.058486051857471,0.063340581953526,-0.038568157702684,-0.1551084369421,-0.082446359097958,-0.11955386400223,0.0014764121733606,-0.042283590883017,0.047645721584558,0.0094696236774325,-0.063058741390705,-0.02643776871264,0.03678846731782,0.12453176826239,-0.0021050584036857,-0.027047732844949,0.034735709428787,-0.030716257169843,0.089863061904907,-0.042928040027618,-0.085927195847034,-0.055722959339619,0.001316056936048,0.088589727878571,-0.038713485002518,0.015473053790629,-0.025510158389807,-0.12853759527206,0.045323517173529,0.018292792141438,0.15194067358971,-0.089651420712471,-0.082906886935234,-0.11617820709944,0.071660242974758,0.056962214410305,0.11454268544912,-0.047928284853697,-0.011351476423442,-0.058185368776321,0.081756107509136,-0.015755619853735,0.1142366155982
-0.016690907999873,0.15123815834522,-0.039612222462893,-0.17811131477356,0.053950551897287,0.074242599308491,-0.065599605441093,-0.091228030622005,0.11206754297018,-0.043794870376587,0.035573534667492,-0.051011551171541,0.0093165067955852,0.12656863033772,0.011224381625652,0.061830013990402,-0.013414141722023,-0.071306981146336,-0.023732276633382,-0.17087736725807,0.11460123211145,0.18990924954414,0.011819567531347,-0.030078737065196,0.052111145108938,0.019537879154086,0.13018499314785,0.040866162627935,0.12887240946293,0.14742024242878,0.077136009931564,-0.1146403029561,0.038375403732061,-0.038587525486946,0.020737953484058,0.06649486720562,0.019619869068265,0.028486730530858,0.09037247300148,0.18592374026775,-0.090335287153721,0.083070576190948,-0.033665757626295,0.072306476533413,0.05557431653142,0.14189951121807,-0.00301553751342,-0.012170603498816,0.015080662444234,-0.095004968345165,-0.004227468278259,0.2127553075552,-0.036291252821684,-0.019919633865356,-0.040280893445015,0.076425299048424,0.055304545909166,0.12814897298813,-0.10708572715521,0.031925715506077,-0.057076968252659,-0.10866411775351,0.11541809886694,0.0089719863608479,0.00014141677820589,-0.19285660982132,0.0067840325646102,0.18168324232101,0.088828027248383,0.20177279412746,0.11563551425934,0.049544587731361,-0.11544599384069,-0.18306346237659,0.055377297103405,0.091139741241932,-0.10204483568668,0.067617781460285,-0.12268520146608,0.03099736943841,0.066018454730511,0.13556586205959,0.10750022530556,0.15730515122414,-0.067090064287186,-0.045496411621571,0.056472025811672,-0.033232048153877,-0.082842528820038,0.00019071457791142,-0.077564731240273,-0.10248947888613,-0.054684031754732,0.066677935421467,0.066562585532665,-0.059461753815413,-0.055088259279728,0.019782802090049,0.065270110964775,0.029699683189392,-0.0035455932375044,0.044510308653116,-0.051288317888975,0.069710366427898,-0.10743936896324,-0.03507024794817,-0.11894491314888,-0.038726549595594,0.032608933746815,-0.087631590664387,0.071786671876907,-0.053903508931398,-0.13939413428307,0.11710259318352,0.046215057373047,0.1572623103857,-0.086888141930103,-0.032473284751177,-0.054361339658499,0.10700266808271,0.086586438119411,0.041242353618145,-0.02936870791018,0.0035773215349764,-0.031330388039351,0.044235050678253,-0.0048559866845608,0.084174051880836
-0.015560887753963,0.14362689852715,-0.03417843580246,-0.069627463817596,0.031927913427353,0.01994464546442,-0.098312944173813,-0.16822972893715,0.11013828217983,-0.032113529741764,0.047984160482883,-0.055930510163307,-0.013950496912003,0.066567927598953,-0.050865449011326,0.14481076598167,-0.051208205521107,-0.047858435660601,-0.0070696789771318,-0.1043853983283,0.14983537793159,0.1509807407856,0.04715409129858,-0.036234229803085,0.044097252190113,0.048032592982054,0.079274110496044,-0.036898951977491,0.13065184652805,0.17590482532978,0.014744378626347,-0.037056308239698,0.034870307892561,-0.055220305919647,0.051011107861996,0.055263485759497,0.015669763088226,0.062160857021809,0.11187206953764,0.14033627510071,-0.15004707872868,0.047344207763672,-0.061584569513798,0.019669184461236,0.085683375597,0.18862311542034,0.039765406399965,-0.019372791051865,0.020418429747224,-0.087254628539085,0.037221480160952,0.26534366607666,-0.0084175998345017,-0.0024341815151274,-0.0060996860265732,0.016986053436995,0.18017530441284,-0.0044673914089799,-0.07292465120554,0.03296111151576,0.015812827274203,-0.118443377316,0.090804547071457,0.049811888486147,0.0086722653359175,-0.24217058718204,0.0019068369874731,0.15975767374039,0.14866705238819,0.20506198704243,0.069516949355602,0.053142886608839,-0.11646609008312,-0.15198999643326,0.038654908537865,0.048244412988424,-0.098328821361065,0.11475814878941,-0.1402160525322,0.070717848837376,0.10657136887312,0.15769132971764,0.056918539106846,0.13640859723091,-0.038851279765368,-0.0043993070721626,0.0018287791172042,-0.012722474522889,-0.10757581144571,-0.016700828447938,-0.079706504940987,-0.023884566500783,-0.066444106400013,0.088128603994846,-0.003523105988279,-0.059908661991358,-0.044794850051403,0.056450426578522,0.11884486675262,-0.0025997625198215,0.075840078294277,0.03049149736762,-0.057433057576418,0.062486071139574,-0.011695587076247,-0.073615938425064,-0.041746888309717,0.0030080659780651,0.085233896970749,-0.018895585089922,-0.0038278854917735,-0.042192451655865,-0.1140176281333,0.05782425776124,0.047501817345619,0.17771030962467,-0.095982238650322,-0.035790767520666,-0.10488171875477,0.067358903586864,0.036484263837337,0.10522069782019,0.014761769212782,-0.017527496442199,-0.045985393226147,0.082905158400536,0.035024255514145,0.094795994460583
-0.040242165327072,0.12190604954958,-0.041003618389368,-0.090067759156227,0.039147209376097,0.061257548630238,-0.12381854653358,-0.17736929655075,0.071739517152309,-0.022893857210875,0.030816802754998,-0.023522982373834,0.00034122704528272,0.048311855643988,-0.013574238866568,0.14919449388981,-0.074879921972752,-0.081379465758801,0.028200201690197,-0.11572320014238,0.13719983398914,0.14459802210331,0.058875199407339,-0.05572097748518,0.060295838862658,0.10910174250603,0.071069180965424,-0.078783042728901,0.10710579901934,0.15513934195042,0.060256980359554,0.0017924833809957,0.027853555977345,-0.035256449133158,0.046871315687895,0.073082029819489,0.022323625162244,0.05726982653141,0.17070655524731,0.14829289913177,-0.10705409944057,0.016770575195551,-0.048388265073299,0.00065672874916345,0.074834458529949,0.14779889583588,0.06344923377037,-0.017043393105268,0.0094688693061471,-0.099908769130707,0.030498813837767,0.22086922824383,0.017418900504708,0.0015888386406004,0.0018590238178149,0.031229846179485,0.17915505170822,0.029144549742341,-0.10403636842966,0.031376264989376,-0.013044599443674,-0.11088951677084,0.11338555812836,0.01347441598773,0.045177020132542,-0.19806295633316,0.0004250219790265,0.18172250688076,0.13980430364609,0.18675085902214,0.03983661159873,0.080171532928944,-0.15283747017384,-0.13060662150383,0.063996233046055,0.041571993380785,-0.11235547810793,0.078766748309135,-0.13070486485958,0.1098665073514,0.088191464543343,0.14461550116539,0.096788585186005,0.14427599310875,-0.085043400526047,-0.026372019201517,0.046645835042,0.0017992276698351,-0.10340040177107,-0.041469752788544,-0.073701873421669,-0.017506338655949,-0.037615366280079,0.12284211814404,-0.021446848288178,-0.046767383813858,-0.041267521679401,0.075947657227516,0.096135139465332,-0.0043934853747487,0.050359517335892,-0.0011271121911705,-0.092237807810307,0.083761610090733,0.0011597214033827,-0.053242344409227,-0.060858756303787,0.0081281531602144,0.059004783630371,-0.017728922888637,-0.018668543547392,-0.029403362423182,-0.12664657831192,0.042036555707455,0.064237758517265,0.17130222916603,-0.10695738345385,-0.035657975822687,-0.087062142789364,0.097122639417648,0.088851697742939,0.081066772341728,0.034935675561428,-0.038462437689304,-0.066659294068813,0.095721825957298,0.023817738518119,0.11568761616945
-0.025649296119809,0.086462967097759,-0.039685167372227,-0.064321234822273,0.034201089292765,-0.016963463276625,-0.094477295875549,-0.1897541731596,0.085135824978352,-0.031637605279684,0.064530611038208,-0.012170647270977,0.024654570966959,0.13682053983212,-0.0040754321962595,0.14121320843697,0.00444714166224,-0.023070730268955,0.037147279828787,-0.1087689474225,0.13335980474949,0.16267141699791,0.039298824965954,-0.016818864271045,0.065530829131603,0.11915535479784,0.091408595442772,-0.054024990648031,0.095936544239521,0.19847282767296,0.045475300401449,0.0044492254965007,0.069945827126503,-0.060849238187075,0.038833305239677,0.057207498699427,0.034603111445904,0.10626290738583,0.15569560229778,0.1596440076828,-0.1176560074091,0.11219242960215,-0.029942333698273,0.048506189137697,0.041083499789238,0.10246775299311,0.060126435011625,-0.076200984418392,0.076407760381699,-0.14431574940681,0.063936345279217,0.15981072187424,-0.003546338994056,0.011332667432725,0.005046796053648,0.057633705437183,0.13791528344154,0.073344491422176,-0.056491050869226,0.04443196579814,-0.025785705074668,-0.18274442851543,0.07783155888319,0.022026849910617,0.04048603400588,-0.20368956029415,0.019509676843882,0.14134520292282,0.14842526614666,0.14687542617321,0.085991479456425,0.067325718700886,-0.098047383129597,-0.14757812023163,0.036400027573109,0.03159361332655,-0.12127512693405,0.071481510996819,-0.15256871283054,0.066966839134693,0.091964147984982,0.16966544091702,0.077488951385021,0.10697649419308,-0.052522994577885,-0.058131400495768,0.056931257247925,-0.035396199673414,-0.12192951887846,-0.0939125046134,-0.13289296627045,-0.023345889523625,-0.027504118159413,0.04560149461031,0.026956358924508,-0.062142103910446,-0.054759696125984,0.071670673787594,0.10851727426052,0.011720112524927,-0.025790886953473,0.018356844782829,-0.014993812888861,0.1071609929204,-0.038897976279259,-0.075141564011574,-0.061509825289249,-0.030431507155299,0.088930279016495,-0.052436977624893,-0.027140820398927,-0.059009201824665,-0.13795498013496,0.064083993434906,0.029656227678061,0.14265492558479,-0.07252936065197,-0.080928683280945,-0.1291478574276,0.045761208981276,0.065816067159176,0.1151931732893,-0.0185811445117,-0.025434633716941,-0.056564230471849,0.065807938575745,-0.0064443713054061,0.1233948469162
0.035908106714487,0.11041646450758,-0.045680642127991,-0.09032529592514,0.045658551156521,0.06318574398756,-0.083311095833778,-0.14199180901051,0.099837481975555,-0.08801244944334,0.06806817650795,-0.060125082731247,-0.012147010304034,0.11196275800467,-0.033140528947115,0.13408805429935,0.025309732183814,-0.038854140788317,-0.015402767807245,-0.14480631053448,0.17450207471848,0.17389181256294,0.002897611586377,-0.061774652451277,0.048561878502369,0.052282437682152,0.057577792555094,-0.018335660919547,0.12409237027168,0.15450686216354,0.078374080359936,-0.028502063825727,-0.010059942491353,-0.052006565034389,0.060146238654852,0.10017880797386,-0.0012406030436978,0.040094412863255,0.1543802022934,0.13690339028835,-0.1516962647438,0.12950828671455,-0.063427045941353,0.031905833631754,0.12514790892601,0.14837051928043,0.0052762976847589,-0.041377864778042,-0.0041113211773336,-0.12663392722607,-0.02430347725749,0.21947924792767,-0.028022132813931,-0.01271603628993,-0.062269650399685,0.031962502747774,0.088619202375412,0.098761312663555,-0.10636249184608,0.054931849241257,0.0017935297219083,-0.1000901311636,0.13411176204681,-0.029457710683346,0.027917006984353,-0.21244502067566,0.018491227179766,0.17429016530514,0.12357573211193,0.21274484694004,0.11447504907846,0.060240458697081,-0.10664392262697,-0.170804053545,-0.038095556199551,0.019499268382788,-0.077676475048065,0.071104601025581,-0.15899085998535,0.026687555015087,0.08486757427454,0.17364597320557,0.03380710631609,0.070144549012184,-0.071968898177147,-0.031627774238586,0.016043851152062,-0.057076927274466,-0.11547788232565,-0.035535808652639,-0.029697289690375,-0.05472669377923,-0.083724789321423,0.088585779070854,0.107341773808,-0.0091099040582776,-0.023902431130409,0.018789479508996,0.04430516064167,0.071369521319866,-0.01062273979187,0.018098188564181,-0.094243593513966,0.066921457648277,-0.055109921842813,-0.021043037995696,-0.041400358080864,-0.049220945686102,0.063932418823242,-0.048396315425634,0.0001255726092495,-0.076195642352104,-0.12909337878227,0.084309011697769,0.11357336491346,0.153445109725,-0.092587053775787,-0.053077828139067,-0.070704951882362,0.048653397709131,0.021554095670581,0.085185885429382,0.045724112540483,0.014044201932847,0.0026115719228983,0.031673524528742,0.029905069619417,0.047402285039425
-0.027022225782275,0.094010002911091,0.001266049570404,-0.084023386240005,0.0062673348002136,0.036126907914877,-0.15726646780968,-0.13755041360855,0.10316455364227,-0.070976577699184,0.083782203495502,-0.060375928878784,-0.0045676091685891,0.056982520967722,-0.027807358652353,0.17935620248318,-0.017362466081977,-0.0042616296559572,-0.0061077452264726,-0.12108591198921,0.20240499079227,0.17315377295017,0.0064501147717237,-0.02279276587069,0.040807660669088,0.11996403336525,0.10120726376772,-0.082725040614605,0.10597898066044,0.13396801054478,0.08236426115036,-0.030330963432789,0.045084930956364,-0.012644924223423,0.095506012439728,0.11042105406523,0.043384809046984,0.054131437093019,0.15718260407448,0.10602374374866,-0.13943646848202,0.062313701957464,-0.027587143704295,0.06607735902071,0.13434085249901,0.10008443892002,0.071623302996159,-0.042242873460054,-0.037106230854988,-0.14155444502831,-0.0087255537509918,0.12276618927717,-0.0091853477060795,0.0096371043473482,-0.02465602196753,0.058355171233416,0.098780244588852,0.026534933596849,-0.086074851453304,-0.0054421261884272,0.0055011720396578,-0.15139411389828,0.10674303025007,0.015228368341923,0.057686522603035,-0.21413902938366,0.0064404071308672,0.13146477937698,0.15972243249416,0.18374595046043,0.045329548418522,0.0048714410513639,-0.12222777307034,-0.21136094629765,-0.0051165758632123,-0.033306010067463,-0.1063367202878,0.13685885071754,-0.14977273344994,0.035780947655439,0.092345729470253,0.19248399138451,0.022424340248108,0.060306556522846,-0.097568340599537,-0.010490252636373,0.029736688360572,-0.023962015286088,-0.10871389508247,-0.0089923273772001,-0.035671036690474,-0.036898784339428,-0.10229823738337,0.085498504340649,0.047756258398294,0.040515754371881,-0.073018439114094,0.062885291874409,0.049301918596029,0.03834867104888,-0.0033077117986977,-0.01796106621623,-0.10949239134789,0.047574255615473,0.031621597707272,-0.04673358425498,-0.039866082370281,-0.063223361968994,0.040916308760643,-0.057011649012566,-0.066078558564186,-0.059120569378138,-0.13700215518475,0.047553941607475,0.10968222469091,0.12938272953033,-0.10573809593916,-0.11263638734818,-0.097495302557945,0.011062708683312,0.063323959708214,0.10418993234634,0.063588552176952,0.0073306802660227,-0.0049426043406129,0.03748132660985,0.044107351452112,0.063062958419323
0.0023327472154051,0.14904877543449,-0.14157897233963,-0.11811647564173,0.028665700927377,0.10290559381247,-0.1044846624136,-0.12084219604731,0.019691340625286,0.052758682519197,0.096762053668499,-0.073672458529472,0.028158528730273,-0.044294215738773,0.037329062819481,0.1294751316309,-0.019826654344797,-0.051865462213755,0.080633774399757,-0.086415894329548,0.05227667838335,0.12710797786713,0.11158735305071,-0.044728204607964,0.043924115598202,0.055483732372522,0.15849940478802,-0.10029294341803,0.20523081719875,0.099955677986145,0.10810164362192,-0.043998338282108,0.041136350482702,-0.078361324965954,0.051713969558477,0.044948127120733,-0.0074077905155718,0.01860829256475,0.16987664997578,0.13017395138741,-0.1286204457283,-0.058786768466234,-0.13270178437233,0.10720207542181,-0.0050062378868461,0.12919864058495,0.037812359631062,0.079217568039894,-0.068384133279324,-0.1002944111824,-0.029864681884646,0.22812029719353,0.019550640136003,-0.10429798066616,-0.17036446928978,0.02999934181571,0.11304131150246,0.076744601130486,-0.12419417500496,0.082526691257954,-0.10265979170799,-0.098508879542351,0.21906988322735,-0.035269021987915,0.050514478236437,-0.16125628352165,-0.0096113178879023,0.10658655315638,0.043746389448643,0.10010779649019,-0.029515489935875,0.047220412641764,-0.19402892887592,-0.11648330837488,0.036877702921629,-0.052001796662807,-0.065006546676159,0.078462548553944,-0.098322413861752,0.15885275602341,0.064496397972107,0.0070486390031874,0.0029178180266172,0.084675498306751,-0.051873814314604,-0.019114164635539,-0.031875509768724,-0.074318699538708,-0.092752009630203,-0.042264588177204,0.0023108222521842,0.018045254051685,-0.10838662832975,0.1583289206028,0.08486894518137,-0.068201184272766,-0.039914421737194,0.074568651616573,0.040659632533789,-0.033657241612673,0.035588905215263,-0.024732537567616,-0.099568970501423,0.047124218195677,-0.012808247469366,-0.00030752600287087,0.040652062743902,0.0169219058007,0.15211598575115,-0.016272354871035,0.021769547834992,0.0090699344873428,-0.020713152363896,0.043747633695602,0.060918509960175,0.11614964902401,-0.12346403300762,0.0049275867640972,0.021988842636347,0.14272896945477,0.048225376754999,-0.068767383694649,-0.028456829488277,0.016045529395342,-0.058591105043888,0.053063109517097,-0.030348313972354,0.056732036173344
0.026206320151687,0.046295788139105,-0.15999548137188,-0.093971461057663,-0.025280194357038,0.20602755248547,-0.085413053631783,-0.076520934700966,0.041130367666483,-0.0053159473463893,0.069399818778038,-0.097261123359203,0.068049259483814,0.10612079501152,0.085920080542564,-0.036180585622787,-0.01220087800175,-0.060574222356081,0.087397634983063,-0.15132413804531,0.032480139285326,0.0026768827810884,0.13369406759739,-0.03303486853838,0.10556966811419,-0.033399101346731,0.13623501360416,-0.087112486362457,0.0080666784197092,0.035357523709536,0.19632528722286,-0.05806965008378,0.054036177694798,-0.041666273027658,0.014839337207377,0.079184703528881,-0.065116614103317,0.028768945485353,0.066151507198811,0.023863086476922,-0.069760918617249,-0.064028538763523,-0.15896284580231,0.088585272431374,-0.065590336918831,0.0051043769344687,-0.062385000288486,0.080981343984604,-0.043210871517658,-0.098338760435581,-0.068054899573326,0.10998564213514,0.16710938513279,-0.084349028766155,-0.14445731043816,0.082416661083698,0.040235988795757,0.15199968218803,-0.027724409475923,-0.070210330188274,-0.14923207461834,0.0068799471482635,0.18881173431873,-0.10934050381184,0.02328815124929,0.10449343174696,0.032579556107521,0.18675276637077,-0.033344928175211,0.11191926151514,-0.011396727524698,0.0082765463739634,-0.17448325455189,-0.19599448144436,0.038930378854275,-0.0067248735576868,-0.070982590317726,-0.16271448135376,-0.060202069580555,0.17483800649643,-0.057713057845831,-0.097487062215805,0.014432416297495,-0.039338115602732,-0.077533349394798,-0.037372428923845,0.00984619371593,-0.10993471741676,-0.037142526358366,-0.017597049474716,0.027483077719808,-0.072180554270744,0.031965970993042,0.071656204760075,0.03665017336607,-0.062246225774288,-0.0613535605371,0.065825574100018,0.04067462682724,-0.0090164011344314,0.089969150722027,0.01259564422071,-0.037211820483208,-0.025874381884933,-0.063389644026756,0.04417896643281,-0.043310817331076,-0.064299032092094,0.033113844692707,-0.078987888991833,0.079893238842487,0.034946426749229,0.0055491449311376,-0.028141597285867,0.094081290066242,0.11843300610781,-0.13173599541187,0.038326535373926,0.15252774953842,0.1516377478838,0.10474778711796,-0.20709444582462,-0.068845197558403,-0.0034767652396113,0.010136096738279,0.049347933381796,0.022095751017332,0.11188235133886
0.045228432863951,0.12947537004948,-0.1904536485672,-0.061941333115101,0.036952938884497,0.13143181800842,-0.082479648292065,-0.11801914125681,-0.013696593232453,0.079651586711407,0.12471254169941,-0.060507997870445,0.044305771589279,-0.053807903081179,0.057012625038624,0.1357095092535,0.02930186316371,-0.056484580039978,0.10807323455811,-0.05670353397727,0.041741970926523,0.076344810426235,0.10432282090187,-0.035303819924593,0.074193507432938,0.051660109311342,0.13888578116894,-0.13147658109665,0.18021577596664,0.099559150636196,0.12251923233271,0.015164042823017,0.015180158428848,-0.070490017533302,0.038977488875389,0.064019307494164,-0.012693874537945,3.1109557312448e-05,0.18587526679039,0.081620015203953,-0.11505071818829,-0.078523129224777,-0.12887905538082,0.099777936935425,-0.020578496158123,0.1090916544199,0.044307637959719,0.088921546936035,-0.07403939217329,-0.11832805722952,-0.0039882059209049,0.21519848704338,0.019343553110957,-0.12125311046839,-0.15501007437706,0.030006168410182,0.067301474511623,0.088069960474968,-0.09828282147646,0.087929330766201,-0.12234569340944,-0.11114229261875,0.22851487994194,-0.11030708253384,0.076932191848755,-0.11728040874004,-0.0089806579053402,0.10702408850193,0.017614882439375,0.077429421246052,-0.047198355197906,0.080885879695415,-0.20522381365299,-0.12344559282064,0.010168640874326,-0.066936254501343,-0.021433256566525,0.088100887835026,-0.10196769982576,0.18177916109562,0.040652435272932,-0.030702387914062,-0.019237888976932,0.031225819140673,-0.053548883646727,-0.01993272639811,-0.034043177962303,-0.091717220842838,-0.077590495347977,-0.050829958170652,0.0062971897423267,0.020209079608321,-0.12231606245041,0.16669321060181,0.082763120532036,-0.062925465404987,-0.0033900425769389,0.047861449420452,0.032227754592896,-0.043448723852634,0.029780266806483,-0.025644892826676,-0.097918651998043,0.045901771634817,-0.027766216546297,0.027468057349324,0.050435207784176,0.025901870802045,0.15198200941086,-0.0056678601540625,-0.0046044085174799,0.025643432512879,-0.0063073770143092,0.016943316906691,0.094904735684395,0.079005397856236,-0.13198940455914,-0.0018268784042448,0.038993820548058,0.15158200263977,0.038919690996408,-0.091632761061192,-0.0026790539268404,0.048829551786184,-0.02186232432723,0.051678687334061,-0.011986749246716,0.038476146757603
0.033007383346558,0.027208242565393,-0.14970022439957,-0.10824723541737,-0.0091836946085095,0.1940363496542,-0.080566793680191,-0.044218074530363,0.045950792729855,-0.037943832576275,0.061983194202185,-0.06245755776763,0.02208367921412,0.058507092297077,0.074787899851799,-0.040331341326237,-0.037159509956837,-0.07982674986124,0.12665106356144,-0.16105118393898,0.028958130627871,0.063907891511917,0.14392232894897,-0.062581956386566,0.094086825847626,0.0016366161871701,0.2006823271513,-0.098578572273254,0.030586281791329,0.027644157409668,0.18069335818291,-0.1005953848362,0.087007001042366,-0.044270049780607,0.027147063985467,0.041942983865738,-0.043017789721489,0.014934982173145,0.073137708008289,0.037220731377602,-0.045569311827421,-0.068081445991993,-0.14760346710682,0.13335333764553,-0.10533656924963,0.0075358273461461,-0.057551130652428,0.03606566041708,-0.034688111394644,-0.081003211438656,-0.069763146340847,0.1293076723814,0.15555554628372,-0.068367399275303,-0.13444021344185,0.079662598669529,0.060257937759161,0.14657564461231,-0.081379249691963,-0.030166909098625,-0.15168355405331,-0.054284948855639,0.21528805792332,-0.091825693845749,0.056353960186243,0.031555153429508,0.019169697538018,0.13947415351868,-0.012382223270833,0.13453491032124,-0.037592720240355,0.0013646899024025,-0.19082877039909,-0.17934122681618,0.033363036811352,-0.015706658363342,-0.063275396823883,-0.13222831487656,-0.081177666783333,0.17659051716328,-0.068147666752338,-0.09442400932312,0.048049092292786,0.0090012233704329,-0.043942604213953,-0.081713162362576,0.02735967002809,-0.082677207887173,-0.050996840000153,-0.016956929117441,0.039775170385838,-0.062200170010328,-0.030797302722931,0.081069320440292,0.068472184240818,-0.069495096802711,-0.042187444865704,0.074736036360264,0.046923089772463,-0.0064337309449911,0.053691022098064,0.015984101220965,-0.035927645862103,-0.031335055828094,-0.053642954677343,0.014492796733975,-0.0091072479262948,-0.055278904736042,0.036856316030025,-0.091972582042217,0.089899159967899,0.01366563513875,0.0038656613323838,-0.024177450686693,0.10512290894985,0.10804586857557,-0.079813532531261,0.0077305510640144,0.16629810631275,0.16649459302425,0.12997424602509,-0.18373994529247,-0.066561616957188,-0.023828312754631,0.02908519282937,0.029666613787413,0.064153023064137,0.13263972103596
-0.035659026354551,0.13655090332031,-0.07063989341259,-0.017697518691421,0.13292555510998,0.20022368431091,-0.058706413954496,-0.12972512841225,0.095545537769794,0.024452839046717,0.052721980959177,0.006010930519551,-0.086936309933662,-0.02678956463933,0.062445871531963,0.048935458064079,-0.026157373562455,0.055936206132174,0.082790642976761,-0.15032958984375,0.081085555255413,0.11110298335552,0.069810062646866,-0.027275815606117,0.13466988503933,-0.071653082966805,0.019718088209629,-0.075799889862537,0.10318429023027,0.08063855022192,0.18128837645054,-0.050486713647842,-0.003266217187047,-0.078457199037075,0.10565489530563,0.11194771528244,-0.026069313287735,-0.15272615849972,0.093315273523331,0.09796566516161,0.01850588992238,0.06274888664484,-0.045355945825577,0.067373730242252,-0.082487106323242,0.009466040879488,0.050923425704241,-0.0060098422691226,0.034613836556673,-0.073596142232418,0.0099327443167567,0.14416719973087,-0.033010870218277,-0.093612484633923,-0.075675703585148,0.084820032119751,0.057733070105314,0.082795038819313,-0.12442761659622,0.079898774623871,-0.12255857139826,-0.060688428580761,0.17232018709183,-0.16870303452015,0.14585682749748,-0.1469301879406,0.0024408635217696,0.039995025843382,-0.017338786274195,0.28757676482201,0.085266791284084,0.2154358625412,-0.10928133875132,-0.10323371738195,-0.03480676934123,0.026984637603164,-0.0926214158535,0.081827133893967,-0.15586194396019,-0.037175040692091,-0.019394289702177,0.16675674915314,0.071586020290852,0.14436200261116,-0.049781013280153,-0.0044037960469723,0.011569332331419,-0.018871204927564,-0.10227317363024,-0.040697909891605,0.00019706392777152,-0.0016435933066532,-0.10571079701185,0.015734024345875,0.13959109783173,-0.093925908207893,-0.056656755506992,0.068576633930206,-0.033243738114834,0.068047799170017,-0.022892056033015,-0.038779232650995,-0.041010856628418,-0.050328474491835,-0.02253995090723,0.058608900755644,0.038040976971388,-0.087972469627857,0.033472381532192,0.082909718155861,-0.033513627946377,-0.066880010068417,0.018664570525289,0.0027401903644204,0.095315039157867,0.04776207357645,-0.007628898601979,-0.018247148022056,0.038743365556002,0.13974842429161,0.1233768761158,-0.022420024499297,0.006987932138145,-0.0016909582773224,-0.038627147674561,0.080006651580334,0.041424605995417,0.13168255984783
-0.0076589374803007,0.14809119701385,-0.096947506070137,-0.077909633517265,0.077834576368332,0.12794740498066,-0.0854462236166,-0.15542566776276,0.055974327027798,-0.025402268394828,0.09244778752327,-0.031001143157482,-0.046986009925604,-0.047852393239737,0.0011464074486867,0.11145360767841,-0.051174752414227,0.003849669592455,0.039182461798191,-0.11773434281349,0.07512666285038,0.15780565142632,0.097711831331253,-0.0743498057127,0.055305100977421,0.00064370542531833,0.10652185231447,-0.072877295315266,0.17250366508961,0.091612510383129,0.11729855835438,-0.058463647961617,0.025493651628494,-0.095102123916149,0.081374056637287,0.06976755708456,-0.034379601478577,-0.058448191732168,0.14567635953426,0.15626466274261,-0.063261136412621,0.020867789164186,-0.10522317141294,0.092738568782806,-0.033064875751734,0.12430366873741,0.038830310106277,0.012809606269002,-0.048864398151636,-0.089352503418922,-0.046699527651072,0.21645152568817,-0.014343185350299,-0.081273131072521,-0.17259149253368,0.03603195771575,0.10965417325497,0.081949643790722,-0.16286580264568,0.14240868389606,-0.10387906432152,-0.056345768272877,0.21758535504341,-0.05295005813241,0.091685898602009,-0.20037108659744,-0.009684681892395,0.073624037206173,0.023191818967462,0.20399591326714,0.048064529895782,0.084367528557777,-0.13032035529613,-0.098700985312462,0.012101459316909,-0.0047866799868643,-0.096405424177647,0.062257938086987,-0.16717903316021,0.059274848550558,0.048483893275261,0.0880171880126,0.019378911703825,0.12590304017067,-0.083639323711395,0.030995648354292,-0.02155246771872,-0.075848489999771,-0.1717586517334,-0.038140904158354,0.02559513039887,-0.010620417073369,-0.13078318536282,0.10234189778566,0.12271766364574,-0.069385178387165,-0.062305465340614,0.066543355584145,0.020386099815369,0.037830766290426,-0.015203831717372,-0.034960504621267,-0.081768922507763,0.025960929691792,0.016405340284109,0.02259036898613,0.065516941249371,0.023416463285685,0.098175205290318,0.00374551769346,-4.189425817458e-05,-0.048494733870029,-0.0074168709106743,0.053712371736765,0.056861650198698,0.10373045504093,-0.092950955033302,0.019527141004801,0.04626714065671,0.14025241136551,0.063242182135582,-0.042658850550652,-0.034663233906031,-0.0012162427883595,-0.025273319333792,0.065331935882568,-0.0092584146186709,0.076270818710327
-0.014757078140974,0.13229729235172,-0.081021323800087,-0.078893654048443,0.10079754889011,0.1468780785799,-0.083364121615887,-0.10002543032169,0.085099965333939,-0.019913794472814,0.064652502536774,-0.035131443291903,-0.072148658335209,-0.045117903500795,0.0089625427499413,0.095614440739155,-0.040265690535307,0.0044967797584832,0.052538588643074,-0.13003474473953,0.10930501669645,0.14328680932522,0.072740264236927,-0.079351119697094,0.07567673176527,-0.024620639160275,0.079977206885815,-0.08245886862278,0.14235852658749,0.073064379394054,0.14379858970642,-0.094407610595226,0.015211135149002,-0.091098234057426,0.091081663966179,0.099623970687389,-0.035767521709204,-0.099824704229832,0.10652013868093,0.13255816698074,-0.050805997103453,0.049408633261919,-0.090956293046474,0.1021341085434,-0.010805287398398,0.11810011416674,0.037305012345314,-0.0036731571890414,-0.02492562495172,-0.082543812692165,-0.048043850809336,0.20523086190224,-0.040639020502567,-0.085775747895241,-0.13152647018433,0.049927238374949,0.094253838062286,0.057948645204306,-0.14496998488903,0.11253587156534,-0.076249234378338,-0.067355394363403,0.18686485290527,-0.072301812469959,0.10806931555271,-0.24194304645061,-0.0089469496160746,0.089171916246414,0.060131590813398,0.25386503338814,0.078873209655285,0.12767823040485,-0.12701386213303,-0.14312931895256,-0.026516597718,0.020032312721014,-0.099533073604107,0.12468954175711,-0.16712495684624,0.014529202133417,0.0070603620260954,0.13007436692715,0.032351486384869,0.15086899697781,-0.070596300065517,0.024586403742433,0.0022254025097936,-0.033575225621462,-0.13446572422981,-0.040092162787914,0.013342002406716,0.0016727618640289,-0.14804810285568,0.072737291455269,0.1342010051012,-0.061428461223841,-0.04315347969532,0.055027265101671,-0.019561866298318,0.057338263839483,-0.014909076504409,-0.030068151652813,-0.08312314748764,-0.026187863200903,-0.0045266360975802,0.02322088740766,0.039128962904215,-0.027975287288427,0.067325979471207,0.032345615327358,-0.018912324681878,-0.074414134025574,-0.021282309666276,0.031706381589174,0.091107048094273,0.10206776112318,-0.062232047319412,-0.029163878411055,0.022715628147125,0.1286648362875,0.06684447824955,0.00092318106908351,-0.0041996855288744,0.016981722787023,-0.020246932283044,0.05133543536067,0.025199323892593,0.097084239125252
0.032373864203691,-0.087682411074638,-0.083637475967407,-0.074357487261295,0.1790806800127,0.021042600274086,-0.012910376302898,0.17856377363205,0.065575733780861,-0.17407393455505,-0.068416953086853,0.13694290816784,0.011662675999105,-0.15218240022659,-0.11004227399826,-0.051648531109095,-0.035490922629833,0.024723762646317,-0.16056303679943,0.14859208464622,0.07269974052906,0.062949948012829,0.14536668360233,0.085268273949623,-0.070914320647717,-0.17172227799892,0.073800891637802,-0.047021713107824,-0.051350247114897,-0.047098588198423,-0.0018506331834942,-0.15328027307987,0.067357957363129,0.043413445353508,-0.086746647953987,-0.094019442796707,-0.069456040859222,-0.052393723279238,-0.21955062448978,0.046206042170525,0.10256829112768,0.058022763580084,-0.020411582663655,0.16217438876629,-0.17439532279968,-0.076568156480789,-0.014130115509033,0.010622186586261,0.059577461332083,0.264712870121,-0.044145334511995,-0.10796334594488,-0.056412998586893,-0.01682966761291,-0.04198981821537,-0.066323257982731,0.0093321949243546,0.0017224894836545,-0.03920978307724,-0.015691442415118,-0.049115654081106,0.034691710025072,0.024179819971323,0.074089728295803,-0.09752231836319,-0.2772835791111,-0.049239758402109,-0.0057783597148955,-0.0063303355127573,-0.018752470612526,0.03904740139842,0.00038483433309011,0.036069922149181,-0.034391060471535,-0.033892057836056,0.10648930072784,-0.053659494966269,0.017524432390928,-0.015670416876674,0.08373648673296,-0.047166496515274,0.014675062149763,0.03931400552392,0.12938216328621,0.049500498920679,0.097784541547298,0.047360863536596,0.082153029739857,-0.027310863137245,-0.025554452091455,0.025214992463589,-0.044274654239416,-0.16454806923866,-0.046915862709284,0.043084252625704,-0.058814842253923,-0.088179282844067,0.032600603997707,-0.1681524515152,-0.077514804899693,0.011170736514032,-0.07102407515049,0.053843520581722,0.021174032241106,-0.061899114400148,-0.053398054093122,-0.094959370791912,0.081385128200054,-0.037638105452061,0.01113919634372,0.093663938343525,0.031988978385925,0.0081636179238558,0.087360970675945,-0.13906493782997,0.050520226359367,0.0032934863120317,0.0036788075231016,0.019128592684865,0.17533957958221,-0.046707358211279,0.10315557569265,-0.12604379653931,0.01019670907408,-0.091878458857536,-0.083401083946228,-0.083210788667202,0.013754033483565
0.043012879788876,-0.074822768568993,-0.052916675806046,-0.10220520198345,0.085256166756153,0.22191761434078,-0.10631385445595,0.023887323215604,-0.031376086175442,-0.069991812109947,0.038444433361292,0.10263834893703,0.070450536906719,-0.088049359619617,0.023881016299129,-0.0025612637400627,-0.17120769619942,-0.051459971815348,-0.069166965782642,0.10235376656055,0.026004925370216,0.13806009292603,0.14251004159451,0.038088921457529,-0.059106286615133,0.018833894282579,0.097363330423832,-0.064921237528324,-0.068692624568939,-0.037844181060791,0.053527325391769,-0.10582768917084,-0.027070766314864,0.10512491315603,-0.027690585702658,0.094334125518799,-0.024930285289884,-0.07388012111187,-0.017587089911103,0.11122812330723,0.054327372461557,-0.071916170418262,-0.035205524414778,0.12408356368542,-0.18714126944542,-0.18455068767071,0.058115534484386,0.11308892071247,0.055757582187653,0.29806077480316,0.041836280375719,-0.076568409800529,-0.1282055824995,0.086019955575466,0.072472460567951,-0.059435848146677,-0.010167099535465,0.064122974872589,-0.054419923573732,-0.018315576016903,-0.14857852458954,0.004622692707926,0.16224251687527,-0.031292736530304,-0.02699963375926,-0.15838162600994,0.017814107239246,0.053597744554281,-0.00015581444313284,0.12994605302811,-0.021397022530437,0.1208578273654,0.0044237300753593,0.065724268555641,0.027466885745525,-0.056686624884605,-0.045927580446005,-0.021218640729785,0.0038180651608855,0.15736871957779,0.14594711363316,-0.039277281612158,0.12739716470242,0.07875233143568,-0.076892800629139,0.0093193687498569,0.093964107334614,0.081651203334332,0.044566996395588,0.060002770274878,0.087525680661201,-0.085448406636715,-0.083413273096085,0.070359610021114,-0.088421925902367,-0.067117840051651,-0.11380106210709,0.081121519207954,-0.080100059509277,-0.052637990564108,0.018297664821148,0.017960274592042,-0.039071191102266,-0.035088080912828,0.034062404185534,0.052149906754494,-0.12164948135614,0.010518937371671,-0.040298756211996,0.04526274651289,0.03424559533596,0.11290797591209,0.027962543070316,0.10673835128546,-0.055445946753025,0.050493732094765,0.11977735161781,0.05335134640336,-0.019418125972152,0.17200988531113,0.12983447313309,-0.066506817936897,0.085371382534504,-0.018965739756823,-0.11729756742716,-0.017186064273119,0.068762168288231,0.15686404705048
-0.074251212179661,-0.0037793123628944,-0.04705423489213,-0.2122118473053,0.028175501152873,0.16740906238556,-0.09098494797945,0.13449893891811,-0.0076388469897211,-0.029122296720743,-0.11415253579617,0.031127698719501,0.10500340908766,-0.11264783889055,-0.012391100637615,0.031491465866566,-0.15811274945736,-0.13486611843109,-0.058961287140846,0.058337345719337,0.10430228710175,-0.047141294926405,0.058155376464128,0.072070740163326,-0.04830452427268,-0.0016948535339907,0.04730873182416,-0.084834158420563,-0.0049680387601256,-0.030588358640671,0.099422745406628,-0.12155523896217,0.010090870782733,0.1031641960144,-0.069801941514015,0.026940142735839,0.021519310772419,-0.028867913410068,-0.015518556348979,0.050782363861799,0.019548546522856,-0.14307056367397,0.096866197884083,0.056409627199173,0.061742685735226,-0.15187534689903,0.11124062538147,0.083949640393257,-0.062495149672031,0.19124327600002,-0.075300730764866,-0.22072674334049,-0.012036765925586,0.042774192988873,0.072985470294952,0.054727241396904,-0.043484296649694,0.11235969513655,-0.069390542805195,-0.15807245671749,-0.038082338869572,0.08226665109396,0.11278397589922,-0.056067455559969,-0.026519283652306,-0.02378985658288,-0.046630639582872,0.018987141549587,-0.058478809893131,-0.087815701961517,-0.12202958762646,0.031432904303074,-0.14046289026737,-0.0091988807544112,0.088484950363636,0.041283637285233,0.057765729725361,0.023196265101433,0.1043600961566,0.098348349332809,0.015505447052419,-0.067091003060341,0.066643327474594,0.12144642323256,-0.09411858022213,0.050793223083019,0.048652496188879,0.10428486019373,0.15248513221741,0.04548904299736,0.042839914560318,-0.1171123161912,-0.017592499032617,0.095053799450397,-0.02419620193541,0.094373859465122,-0.10633867233992,0.12443745136261,-0.089517816901207,0.026714991778135,0.01342014875263,-0.12124036997557,-0.15902155637741,0.04673758149147,-0.042101114988327,0.083009243011475,-0.1962865293026,-0.0097078243270516,-0.15686765313148,-0.049533814191818,-0.008378304541111,0.088369861245155,-0.024809146299958,0.034921146929264,-0.03309778496623,0.1170816719532,0.020385833457112,0.071884229779243,-0.025014005601406,0.17451061308384,0.064724996685982,-0.035857949405909,0.06164763122797,-0.027222471311688,-0.20524001121521,0.020319139584899,-0.1024597287178,0.0043088980019093
-0.028195114806294,-0.1068776845932,0.0072974553331733,-0.08064042776823,0.068996109068394,0.1154845058918,-0.044728733599186,0.16520857810974,0.07576847076416,-0.026295099407434,-0.024646582081914,0.13827174901962,0.045201804488897,-0.1688174456358,0.013338742777705,-0.0058985599316657,-0.1821615844965,-0.066584378480911,-0.058075845241547,0.10840786993504,0.090609572827816,0.057545855641365,0.048684012144804,0.044618237763643,-0.063571557402611,-0.013968802988529,0.071594648063183,-0.088398933410645,-0.084714837372303,0.0046071005053818,0.0083279274404049,-0.10812418162823,0.082986637949944,0.13371598720551,-0.019251946359873,0.0046080509200692,0.083275377750397,-0.089129947125912,-0.082496747374535,-0.0022298411931843,0.10917515307665,-0.13865002989769,0.075355350971222,0.073190934956074,-0.10480270534754,-0.21559078991413,0.056921638548374,0.028467774391174,0.087522320449352,0.25027993321419,0.026175713166595,-0.16471301019192,-0.09211678057909,0.10765302926302,0.18821333348751,0.0057470039464533,-0.046663340181112,-0.089832000434399,-0.12618817389011,-0.042721163481474,-0.066152893006802,-0.10699769854546,0.023523613810539,-0.016001189127564,0.018381353467703,-0.15291661024094,-0.048384480178356,-0.015321050770581,0.0073239211924374,-0.0030548793729395,-0.06888871639967,0.045038565993309,-0.068664416670799,-0.02571608312428,0.030153660103679,0.053906045854092,0.049304954707623,0.084960117936134,0.04854516685009,0.088712953031063,0.04108315333724,-0.048282317817211,0.13853208720684,0.17581340670586,0.0121607510373,0.034270379692316,0.1117075458169,0.17024883627892,0.12953431904316,0.097327433526516,0.0118030263111,-0.10939688980579,-0.12744410336018,0.082699559628963,-0.14818948507309,-0.0049984529614449,-0.11185502260923,0.026891140267253,-0.065120428800583,-0.020438903942704,0.065835326910019,-0.050503611564636,-0.053530234843493,-0.078694976866245,0.07399757951498,0.011874623596668,-0.094464547932148,-0.019222376868129,-0.12047964334488,0.03822397813201,-0.076115123927593,0.019978443160653,-0.013710643164814,0.014248011633754,-0.01758193038404,0.04558376967907,0.15264731645584,0.021879153326154,-0.067080467939377,0.16544413566589,0.11608755588531,0.035330656915903,0.084708265960217,0.0076387147419155,-0.049895960837603,-0.0010181330144405,0.11524370312691,0.11720388382673
-0.057324610650539,0.041983138769865,0.014538801275194,-0.18159261345863,0.028734406456351,0.16299785673618,-0.12076216191053,0.1443497389555,0.11632796376944,-0.083429135382175,-0.06426864117384,0.031669098883867,-0.046091020107269,-0.11842951178551,0.041745018213987,-0.0855428352952,-0.127575725317,-0.1446872651577,0.035578615963459,-0.02198239788413,0.07302388548851,0.12570185959339,-0.01086706109345,-0.013931852765381,-0.0086722634732723,0.056402962654829,0.10781164467335,-0.05305428430438,-0.0070796404033899,-0.054932102560997,0.12941019237041,-0.20904144644737,0.083482757210732,0.075885109603405,0.052355661988258,0.06196952611208,0.12926952540874,-0.024554559960961,0.0076465564779937,0.020861759781837,0.084985852241516,-0.052465066313744,0.025984248146415,0.083041533827782,-0.023268094286323,-0.067375048995018,0.075299069285393,0.0025496648158878,-0.011029287241399,0.14799411594868,-0.12138698250055,0.024712780490518,-0.0043552578426898,0.083899512887001,0.13318267464638,0.030774326995015,-0.028935845941305,-0.020529871806502,-0.17486245930195,-0.17928123474121,-0.079083546996117,-0.062952347099781,0.11871106177568,-0.040965192019939,-0.023509476333857,-0.10918106138706,0.049872580915689,0.060833565890789,0.073059670627117,0.09261266887188,-0.0040413816459477,0.00035057187778875,-0.12204001098871,-0.047599356621504,0.094211585819721,0.020509073510766,-0.086008004844189,0.091241650283337,0.06480148434639,0.071893744170666,-0.060946095734835,0.12834323942661,0.16268384456635,0.16656446456909,0.065106719732285,-0.059128973633051,0.093367755413055,0.17408177256584,0.14427115023136,0.08153260499239,0.070581570267677,-0.097367934882641,-0.048980668187141,0.072991833090782,-0.017770567908883,-0.085854254662991,-0.01544052362442,0.050020787864923,-0.11141157150269,-0.047951888293028,-0.017879778519273,-0.013901816681027,-0.088423229753971,-0.094616010785103,-0.084425993263721,0.065035507082939,-0.083977222442627,-0.10047253966331,-0.10628723353148,0.0096513414755464,0.076632350683212,-0.008577361702919,-0.10098615288734,0.029872477054596,0.057454764842987,0.033820144832134,0.039431016892195,-0.15796288847923,0.019456380978227,0.096739128232002,0.17692856490612,0.054372511804104,0.1018417775631,-0.0092667452991009,-0.03735002502799,-0.03117742203176,0.18121774494648,0.11442740261555
-0.061908587813377,0.021390752866864,0.0038105300627649,-0.19510668516159,0.015235722064972,0.15193615853786,-0.058190636336803,0.16502150893211,0.047719825059175,-0.040664717555046,-0.067297659814358,0.059803321957588,0.076848857104778,-0.13144673407078,-4.9011381634045e-05,-0.044302642345428,-0.14147427678108,-0.15458661317825,-0.080762460827827,0.08513617515564,0.05141756311059,0.00033816939685494,0.010577041655779,0.10218743979931,-0.059695474803448,0.0022302288562059,0.074165165424347,-0.0073998826555908,0.030432567000389,-0.064008273184299,0.10922846198082,-0.16956427693367,0.028839338570833,0.1272459179163,-0.084145575761795,0.016254525631666,0.046467695385218,0.0016937196487561,-0.05402310565114,0.060743413865566,0.065716169774532,-0.13281621038914,0.071132615208626,0.071726135909557,0.018935240805149,-0.20544770359993,0.068742193281651,0.079415984451771,-0.019731696695089,0.22688162326813,-0.088760696351528,-0.14275261759758,-0.059681314975023,0.045621309429407,0.10511969029903,0.043823447078466,-0.1260035187006,0.11214323341846,-0.1092584207654,-0.15148016810417,-0.10493068397045,0.022005734965205,0.13369724154472,-0.0534488260746,-0.058825250715017,-0.020568711683154,0.0048113618977368,-0.032090380787849,-0.093351319432259,-0.055306643247604,-0.098713986575603,0.015775367617607,-0.10700559616089,0.077145405113697,0.11799588799477,0.0026550721377134,0.064547933638096,0.040015742182732,0.12092626839876,0.095571398735046,-0.002334255957976,-0.052317880094051,0.12648712098598,0.12026579678059,-0.0036632393021137,-0.016701364889741,0.071854844689369,0.14209887385368,0.19449907541275,0.068576961755753,0.065191864967346,-0.1440857052803,-0.004653921816498,0.097514197230339,-0.0012101795291528,0.0066806571558118,-0.080297984182835,0.058954585343599,-0.099003337323666,-0.0097779398784041,-0.028280457481742,-0.071074493229389,-0.13525140285492,0.021850327029824,-0.07648416608572,0.11557334661484,-0.14455951750278,-0.041864939033985,-0.097865767776966,-0.05991630628705,0.040402270853519,0.10748506337404,-0.042216248810291,0.089511349797249,-0.017016103491187,0.056678615510464,0.076304130256176,0.041331257671118,0.0079887183383107,0.18114088475704,0.081419579684734,-0.022318733856082,0.042700249701738,-0.0056613353081048,-0.16683547198772,0.0042961416766047,-0.015983203426003,0.024937653914094
0.025936082005501,-0.10148106515408,-0.10253469645977,0.029249208047986,0.076679669320583,0.034987263381481,-0.097652807831764,0.049790531396866,0.020136993378401,-0.072342045605183,0.034422989934683,0.19908088445663,0.00084914296166971,-0.083050802350044,-0.11574570089579,-0.021939147263765,-0.070447951555252,-0.012812200002372,0.026344817131758,0.20607191324234,0.043157197535038,0.025011910125613,0.079610586166382,-0.044129747897387,-0.033624477684498,0.044393036514521,0.095310479402542,-0.031717490404844,-0.15017612278461,0.042107243090868,-0.085876196622849,-0.06896547973156,0.11816594749689,0.063172787427902,-0.040019191801548,0.024461956694722,0.059739854186773,-0.034589659422636,-0.040856100618839,-0.035997167229652,0.038077525794506,-0.014449530281126,0.096695885062218,0.069385156035423,-0.18433423340321,-0.1912132948637,0.10376758128405,-0.056641947478056,0.12948942184448,0.28750422596931,0.056868597865105,-0.051542688161135,-0.12954689562321,0.17150983214378,0.19753868877888,-0.073141522705555,-0.010009542107582,-0.13905200362206,-0.084344752132893,-0.04059411585331,-0.046443715691566,-0.1326180845499,0.075371026992798,-0.025840809568763,0.0072159571573138,-0.18935279548168,-0.020559411495924,-0.0038805301301181,0.052884615957737,0.042738821357489,0.022841418161988,0.057996522635221,0.032328743487597,0.039930880069733,-0.011483071371913,0.031740449368954,0.037596978247166,0.044868610799313,-0.025671154260635,0.047906450927258,-0.010405982844532,0.030861578881741,0.13164027035236,0.13460472226143,0.039132945239544,0.039384841918945,0.039267025887966,0.15590840578079,0.16583454608917,0.017286060377955,-0.039608262479305,-0.089702449738979,-0.11102403700352,0.055588450282812,-0.05490754544735,-0.12955412268639,-0.051577512174845,0.063365891575813,-0.094582341611385,-0.090393222868443,-0.032373625785112,0.019264530390501,0.047807171940804,-0.052065648138523,0.047154773026705,0.05564646795392,-0.017942667007446,0.024986868724227,-0.088795684278011,0.065846674144268,-0.072983920574188,-0.015438099391758,0.015642482787371,0.09442200511694,-0.059319909662008,-0.056846592575312,0.19008356332779,-0.06089124083519,-0.014013364911079,0.075291708111763,0.043875318020582,0.089367479085922,0.1285794377327,-0.038263466209173,0.013197189196944,-0.040722854435444,0.20293906331062,0.15592780709267
0.025936082005501,-0.10148106515408,-0.10253469645977,0.029249208047986,0.076679669320583,0.034987263381481,-0.097652807831764,0.049790531396866,0.020136993378401,-0.072342045605183,0.034422989934683,0.19908088445663,0.00084914296166971,-0.083050802350044,-0.11574570089579,-0.021939147263765,-0.070447951555252,-0.012812200002372,0.026344817131758,0.20607191324234,0.043157197535038,0.025011910125613,0.079610586166382,-0.044129747897387,-0.033624477684498,0.044393036514521,0.095310479402542,-0.031717490404844,-0.15017612278461,0.042107243090868,-0.085876196622849,-0.06896547973156,0.11816594749689,0.063172787427902,-0.040019191801548,0.024461956694722,0.059739854186773,-0.034589659422636,-0.040856100618839,-0.035997167229652,0.038077525794506,-0.014449530281126,0.096695885062218,0.069385156035423,-0.18433423340321,-0.1912132948637,0.10376758128405,-0.056641947478056,0.12948942184448,0.28750422596931,0.056868597865105,-0.051542688161135,-0.12954689562321,0.17150983214378,0.19753868877888,-0.073141522705555,-0.010009542107582,-0.13905200362206,-0.084344752132893,-0.04059411585331,-0.046443715691566,-0.1326180845499,0.075371026992798,-0.025840809568763,0.0072159571573138,-0.18935279548168,-0.020559411495924,-0.0038805301301181,0.052884615957737,0.042738821357489,0.022841418161988,0.057996522635221,0.032328743487597,0.039930880069733,-0.011483071371913,0.031740449368954,0.037596978247166,0.044868610799313,-0.025671154260635,0.047906450927258,-0.010405982844532,0.030861578881741,0.13164027035236,0.13460472226143,0.039132945239544,0.039384841918945,0.039267025887966,0.15590840578079,0.16583454608917,0.017286060377955,-0.039608262479305,-0.089702449738979,-0.11102403700352,0.055588450282812,-0.05490754544735,-0.12955412268639,-0.051577512174845,0.063365891575813,-0.094582341611385,-0.090393222868443,-0.032373625785112,0.019264530390501,0.047807171940804,-0.052065648138523,0.047154773026705,0.05564646795392,-0.017942667007446,0.024986868724227,-0.088795684278011,0.065846674144268,-0.072983920574188,-0.015438099391758,0.015642482787371,0.09442200511694,-0.059319909662008,-0.056846592575312,0.19008356332779,-0.06089124083519,-0.014013364911079,0.075291708111763,0.043875318020582,0.089367479085922,0.1285794377327,-0.038263466209173,0.013197189196944,-0.040722854435444,0.20293906331062,0.15592780709267
0.035199429839849,-0.012227649800479,-0.048008177429438,0.016225256025791,0.059198625385761,0.08153173327446,-0.050623811781406,0.065370373427868,0.012719298712909,-0.061822578310966,0.038695473223925,0.16812773048878,0.0011083983117715,-0.16075658798218,-0.081345580518246,0.0089946826919913,-0.14427345991135,-0.052858788520098,-0.051894091069698,0.18969085812569,0.041380267590284,0.076431445777416,0.041808154433966,-0.058001197874546,-0.095923446118832,-0.0070666042156518,0.026586592197418,-0.042232796549797,-0.11170609295368,0.069242648780346,-0.12540492415428,-0.045682117342949,0.079929836094379,0.10814759880304,-0.030893970280886,0.023675739765167,0.078420832753181,-0.080113738775253,-0.081912279129028,0.011929116211832,0.026147725060582,-0.080594100058079,0.094284869730473,0.042957834899426,-0.12885230779648,-0.098831586539745,0.13269455730915,-0.038497220724821,0.02360069192946,0.32344567775726,0.07617574185133,-0.038731910288334,-0.1784053593874,0.16012355685234,0.19444301724434,-0.058974858373404,-0.049990218132734,-0.16802728176117,-0.10688569396734,0.031495444476604,-0.040245715528727,-0.098984375596046,0.055442646145821,-0.053655926138163,0.041475776582956,-0.2237433642149,-0.019906189292669,-0.04260290786624,-0.0048311171121895,0.050731368362904,0.0072034215554595,0.039592605084181,0.018911026418209,0.073922894895077,-0.0016597274225205,0.054507058113813,0.056320123374462,0.056991215795279,-0.021985867992043,0.04355937987566,0.066522374749184,-0.018265258520842,0.07223416864872,0.15543678402901,0.014688451774418,0.08377393335104,0.013563615269959,0.077462755143642,0.11511031538248,0.13156202435493,-0.0079168267548084,-0.12952750921249,-0.17424528300762,0.075854688882828,-0.099524527788162,-0.05487584322691,-0.043313395231962,0.012022361159325,-0.054191429167986,-0.033227905631065,0.001143729314208,0.037870030850172,0.00095883692847565,-0.077340051531792,0.029368622228503,0.054933901876211,-0.029807593673468,0.07338859140873,-0.11471000313759,0.083930060267448,-0.056487385183573,-0.021090658381581,0.00064512813696638,0.041164379566908,-0.059840280562639,-0.031025381758809,0.18865270912647,-0.016441773623228,-0.025838961824775,0.10091453790665,0.056994002312422,0.078921675682068,0.15450961887836,0.02050281688571,0.071315720677376,-0.025677619501948,0.22096808254719,0.09102513641119
0.0039761802181602,-0.094757199287415,-0.025650065392256,-0.059831440448761,0.08595459908247,0.11388062685728,-0.063644632697105,0.11303080618382,0.063675604760647,-0.069669187068939,-0.013335228897631,0.14964632689953,0.012995238415897,-0.17031511664391,-0.037004712969065,-0.017482995986938,-0.16620963811874,-0.038765594363213,-0.034829169511795,0.12304975092411,0.092394486069679,0.11297656595707,0.041991867125034,0.019546594470739,-0.064580701291561,0.014497608877718,0.082985259592533,-0.080299042165279,-0.088041737675667,0.033756326884031,-0.029062509536743,-0.13079009950161,0.075574815273285,0.10310577601194,0.041588053107262,0.0039084893651307,0.084274470806122,-0.090682342648506,-0.069150008261204,-0.03804973885417,0.079864516854286,-0.07931811362505,0.080385304987431,0.119080722332,-0.13822656869888,-0.1771484464407,0.084620349109173,0.026810120791197,0.085313454270363,0.27517735958099,0.030018107965589,-0.10923439264297,-0.08456402271986,0.12021401524544,0.20827625691891,-0.038864932954311,-0.035712379962206,-0.1052970290184,-0.12672518193722,-0.072191700339317,-0.054104514420033,-0.11317310482264,0.073883168399334,0.0098536591976881,0.0058736489154398,-0.20243945717812,-0.034559335559607,-0.016402827575803,0.037496030330658,0.021708605811,-0.027663324028254,0.032911255955696,-0.024850742891431,-0.03399632871151,-0.0094973547384143,0.038692623376846,0.0040540643967688,0.068101160228252,0.041002534329891,0.095208004117012,0.082433551549911,0.021532448008657,0.13165159523487,0.15914306044579,0.045311369001865,0.0021220666822046,0.080900900065899,0.17291601002216,0.13463240861893,0.11518673598766,0.028367141261697,-0.086561530828476,-0.15969215333462,0.070200383663177,-0.13070583343506,-0.051750000566244,-0.078888081014156,0.047338269650936,-0.083835303783417,-0.065125674009323,0.068718992173672,0.0045823873952031,-0.0055970107205212,-0.11706918478012,0.031099643558264,0.010436650365591,-0.060363844037056,-0.018119990825653,-0.10386467725039,0.08868619799614,-0.0073036700487137,0.00058969797100872,-0.027029888704419,0.040147345513105,-0.032619722187519,0.028495339676738,0.14638648927212,-0.020643996074796,-0.072184272110462,0.10877910256386,0.10482941567898,0.05057791993022,0.12497670203447,-0.025971036404371,-0.028953371569514,-0.017632590606809,0.17967194318771,0.11647835373878
-0.033393133431673,0.044592525810003,0.062784001231194,-0.13339172303677,-0.014721611514688,0.17548170685768,-0.011250110343099,0.20103760063648,0.028474180027843,-0.034891203045845,-0.13480286300182,0.045220956206322,0.053119331598282,-0.19887909293175,0.045926488935947,-0.023425277322531,-0.14391872286797,-0.16804365813732,-0.071543209254742,0.058628745377064,0.073173932731152,0.024253491312265,0.028285427019,0.060555342584848,-0.083800762891769,-0.08684428781271,-0.045604921877384,-0.07371212542057,-0.012697418220341,-0.013793194666505,0.095126822590828,-0.13081505894661,0.036901611834764,0.12654739618301,-0.031004289165139,-0.040347874164581,0.083760865032673,-0.0029494899790734,-0.064457274973392,0.059437725692987,-0.00014692748663947,-0.12562304735184,0.080036282539368,-0.015316580422223,0.060408219695091,-0.1649015545845,0.076004453003407,0.011860197409987,-0.039064642041922,0.28065031766891,0.0012114781420678,-0.14476780593395,-0.013854051940143,0.061364941298962,0.099956072866917,0.03263483196497,-0.045459531247616,0.017259683459997,-0.090726457536221,-0.12036890536547,-0.067935459315777,0.040413565933704,0.018333930522203,-0.14953595399857,0.0034310712944716,-0.091473430395126,0.0013763724127784,-0.091618359088898,-0.16901150345802,-0.082970023155212,-0.078803107142448,0.014880560338497,-0.13002087175846,0.0730240046978,0.042673286050558,0.050644546747208,0.086439400911331,-0.0154799958691,0.14710938930511,0.13932122290134,0.0029805989470333,-0.12157325446606,0.087063707411289,0.163907751441,0.054085403680801,-0.024059545248747,0.012947446666658,0.070775911211967,0.16887803375721,0.09914443641901,-0.0039818803779781,-0.13868822157383,-0.031115580350161,0.12277665734291,-0.036694906651974,0.080071680247784,-0.021027347072959,0.069202847778797,-0.13355472683907,0.081324867904186,0.017017163336277,-0.031205605715513,-0.17727334797382,0.02044078335166,-0.065262161195278,0.056091781705618,-0.10219447314739,-0.063449241220951,-0.098204225301743,-5.9810514358105e-05,-0.019010631367564,0.051171511411667,-0.033428341150284,0.017194138839841,-0.020763512700796,0.096576400101185,0.11317432671785,0.080545954406261,-0.044844470918179,0.19007313251495,0.061241522431374,-0.0053053698502481,0.078108437359333,-0.021978907287121,-0.046496920287609,-0.015328752808273,0.059306189417839,-0.011948355473578
-0.061969973146915,0.0090882619842887,0.114147759974,-0.093003123998642,-0.0020277327857912,0.12798301875591,-0.1003854945302,0.14037990570068,0.067734025418758,-0.082362964749336,0.047554351389408,0.036887660622597,-0.046862911432981,-0.1595034301281,0.060433834791183,-0.07484032958746,-0.14815999567509,-0.055654514580965,0.037574592977762,-0.029462622478604,0.12520916759968,0.07281830906868,0.027355631813407,0.046829827129841,0.084404900670052,0.034778397530317,0.13687394559383,-0.061208289116621,0.066709846258163,-0.071821838617325,0.13814429938793,-0.23383682966232,0.12565843760967,0.076842047274113,0.038242358714342,-0.038995817303658,0.047125801444054,-0.010929260402918,0.053977187722921,-0.015580527484417,0.12328450381756,-0.098662093281746,0.014668976888061,0.10825247317553,-0.090376920998096,-0.22665566205978,0.039838574826717,-0.065251804888248,-0.023394659161568,0.06600247323513,-0.1013657823205,-0.012101971544325,0.021362341940403,0.065090507268906,0.034394890069962,0.054758403450251,-0.013171015307307,-0.0012016032123938,-0.18969504535198,-0.15548750758171,-0.11555940657854,-0.11914228647947,0.13250213861465,0.018922831863165,-0.0019787233322859,0.021958345547318,0.018015012145042,-0.065053686499596,-0.0047646933235228,0.044790517538786,-0.070331908762455,-0.01522609218955,-0.11236932873726,-0.033863332122564,0.13302564620972,-0.069340966641903,-0.056001842021942,0.020941266790032,0.044231656938791,0.14162763953209,-0.10824554413557,0.034395389258862,0.21344220638275,0.12938596308231,0.072872720658779,-0.042604528367519,0.10362580418587,0.1482610553503,0.088062226772308,0.026448287069798,0.091601304709911,-0.096961110830307,-0.069116279482841,0.099862411618233,-0.036980174481869,-0.12892727553844,-0.10941110551357,0.088181227445602,-0.085363872349262,-0.045791212469339,-0.027693219482899,-0.041456505656242,-0.04233306646347,-0.055851440876722,0.046540599316359,0.0843740478158,0.067041888833046,-0.042428392916918,0.013618231751025,-0.11475593596697,0.017625004053116,0.014442730695009,-0.073058046400547,0.042429879307747,0.1016793102026,0.0099353585392237,0.03648392483592,-0.055860538035631,0.080974347889423,0.12185736000538,0.13975296914577,-0.017931587994099,-0.042265098541975,-0.054069276899099,-0.013439884409308,0.034480925649405,0.19766192138195,0.1609982252121
-0.053318470716476,0.0057829017750919,0.013658467680216,-0.18581676483154,0.012938938103616,0.16173003613949,-0.058964427560568,0.16835804283619,0.054883293807507,-0.042815648019314,-0.056025482714176,0.074139602482319,0.066981233656406,-0.15037393569946,-0.0046268510632217,-0.041295096278191,-0.15551841259003,-0.14894586801529,-0.084542214870453,0.081362150609493,0.060136158019304,0.016918508335948,0.010410996153951,0.099765919148922,-0.067080296576023,0.015196066349745,0.073492087423801,-0.019890462979674,0.024207383394241,-0.066108711063862,0.10684787482023,-0.16452059149742,0.026005625724792,0.13163265585899,-0.080328427255154,0.012639245018363,0.042225643992424,0.0014133502263576,-0.042770463973284,0.069387666881084,0.066201716661453,-0.13033202290535,0.050291791558266,0.06595566868782,0.015204206109047,-0.22821092605591,0.060595624148846,0.067904822528362,-0.0099507868289948,0.23357346653938,-0.077775232493877,-0.13177037239075,-0.065389752388,0.055268060415983,0.10633235424757,0.037400182336569,-0.11106746643782,0.10173832625151,-0.12507222592831,-0.14296793937683,-0.1066216006875,0.0069282813929021,0.14064073562622,-0.052184965461493,-0.057953275740147,-0.036371029913425,0.013037242926657,-0.030915064737201,-0.084181413054466,-0.038819327950478,-0.097119174897671,0.021274516358972,-0.10412348806858,0.088151343166828,0.10516127943993,-0.0086354911327362,0.058026976883411,0.03284727409482,0.11172875016928,0.10237246751785,0.0012606193777174,-0.044950664043427,0.13875484466553,0.12029462307692,0.0016951854340732,-0.024875517934561,0.085224494338036,0.14748440682888,0.19353350996971,0.064255893230438,0.066298179328442,-0.14245322346687,-0.011932592839003,0.11192035675049,-0.0066912421025336,0.0027271897997707,-0.080611243844032,0.047238819301128,-0.10100813955069,-0.0020871076267213,-0.022019261494279,-0.070971719920635,-0.14590010046959,0.016204541549087,-0.055505611002445,0.11007945984602,-0.13140642642975,-0.054147262126207,-0.09592492878437,-0.05517328903079,0.033641774207354,0.11060862988234,-0.039329003542662,0.086964294314384,-0.0027768358122557,0.058489929884672,0.083673238754272,0.038953930139542,0.008390337228775,0.17524036765099,0.090175732970238,-0.018605310469866,0.056326791644096,-0.013537464663386,-0.15198890864849,0.0080001447349787,0.0064104194752872,0.038705807179213
-0.057324610650539,0.041983138769865,0.014538801275194,-0.18159261345863,0.028734406456351,0.16299785673618,-0.12076216191053,0.1443497389555,0.11632796376944,-0.083429135382175,-0.06426864117384,0.031669098883867,-0.046091020107269,-0.11842951178551,0.041745018213987,-0.0855428352952,-0.127575725317,-0.1446872651577,0.035578615963459,-0.02198239788413,0.07302388548851,0.12570185959339,-0.01086706109345,-0.013931852765381,-0.0086722634732723,0.056402962654829,0.10781164467335,-0.05305428430438,-0.0070796404033899,-0.054932102560997,0.12941019237041,-0.20904144644737,0.083482757210732,0.075885109603405,0.052355661988258,0.06196952611208,0.12926952540874,-0.024554559960961,0.0076465564779937,0.020861759781837,0.084985852241516,-0.052465066313744,0.025984248146415,0.083041533827782,-0.023268094286323,-0.067375048995018,0.075299069285393,0.0025496648158878,-0.011029287241399,0.14799411594868,-0.12138698250055,0.024712780490518,-0.0043552578426898,0.083899512887001,0.13318267464638,0.030774326995015,-0.028935845941305,-0.020529871806502,-0.17486245930195,-0.17928123474121,-0.079083546996117,-0.062952347099781,0.11871106177568,-0.040965192019939,-0.023509476333857,-0.10918106138706,0.049872580915689,0.060833565890789,0.073059670627117,0.09261266887188,-0.0040413816459477,0.00035057187778875,-0.12204001098871,-0.047599356621504,0.094211585819721,0.020509073510766,-0.086008004844189,0.091241650283337,0.06480148434639,0.071893744170666,-0.060946095734835,0.12834323942661,0.16268384456635,0.16656446456909,0.065106719732285,-0.059128973633051,0.093367755413055,0.17408177256584,0.14427115023136,0.08153260499239,0.070581570267677,-0.097367934882641,-0.048980668187141,0.072991833090782,-0.017770567908883,-0.085854254662991,-0.01544052362442,0.050020787864923,-0.11141157150269,-0.047951888293028,-0.017879778519273,-0.013901816681027,-0.088423229753971,-0.094616010785103,-0.084425993263721,0.065035507082939,-0.083977222442627,-0.10047253966331,-0.10628723353148,0.0096513414755464,0.076632350683212,-0.008577361702919,-0.10098615288734,0.029872477054596,0.057454764842987,0.033820144832134,0.039431016892195,-0.15796288847923,0.019456380978227,0.096739128232002,0.17692856490612,0.054372511804104,0.1018417775631,-0.0092667452991009,-0.03735002502799,-0.03117742203176,0.18121774494648,0.11442740261555
0.023493498563766,0.067799843847752,-0.063009083271027,-0.12300992012024,0.04159227758646,0.22451566159725,0.0056392890401185,0.14553734660149,0.10484136641026,-0.13595665991306,-0.093296006321907,0.01679309643805,0.04622433334589,-0.21097157895565,-0.025255253538489,-0.011560352519155,-0.15767453610897,-0.071590460836887,-0.1158741414547,-0.011562357656658,0.13747680187225,0.098571300506592,0.029606590047479,-0.0060610240325332,-0.072420828044415,-0.16934257745743,-0.056631479412317,-0.11678950488567,-0.030088489875197,0.056432478129864,0.11832208931446,-0.11942232400179,-0.0048721800558269,0.077625781297684,0.043142326176167,-0.045591738075018,0.11000560969114,-0.10218112170696,-0.0046143257059157,0.066319935023785,0.036141782999039,-0.062111880630255,0.10313562303782,0.073908053338528,-0.017105083912611,-0.18325804173946,0.07717514783144,0.014136796817183,0.017603429034352,0.25868904590607,-0.037939243018627,-0.12874017655849,-0.016643976792693,0.10033705830574,0.017137320712209,0.0076255179010332,0.025055829435587,-0.0080886743962765,-0.081117644906044,-0.13393932580948,-0.085165627300739,0.03894018381834,0.078357502818108,-0.15417246520519,-0.057685125619173,-0.16667212545872,0.046526812016964,-0.081878982484341,-0.062175065279007,-0.062260895967484,-0.013676913455129,0.036364827305079,-0.073519356548786,-0.005569214001298,-0.0082811042666435,0.05200744792819,-0.0104263080284,-0.03232529759407,0.02341777458787,0.12042555212975,0.060327611863613,-0.0018319087103009,0.082778468728065,0.20578770339489,0.037708900868893,0.13503122329712,0.00053406256483868,0.013252964243293,0.064709857106209,0.053650133311749,0.038946751505136,-0.17344000935555,-0.12824481725693,0.0041453125886619,-0.029740856960416,-0.008160118944943,-0.082673117518425,0.12076383084059,-0.17303638160229,0.10228077322245,0.029303716495633,-0.039613835513592,-0.055038277059793,0.045258421450853,-0.052529044449329,0.016176557168365,-0.077237501740456,0.025561837479472,-0.15771389007568,0.087346635758877,-0.0028930825646967,-0.061343021690845,-0.054634060710669,0.030007099732757,-0.085944265127182,0.1125031337142,0.090028047561646,0.074035190045834,-0.030428761616349,0.11846014112234,0.086174696683884,0.010659635066986,0.098525382578373,-0.0064463731832802,-0.052915208041668,-0.089771710336208,0.0063016265630722,0.06283038854599
-0.025127030909061,-0.14014187455177,-0.072474963963032,-0.092019267380238,0.12682865560055,0.060315620154142,-0.098281443119049,0.085003904998302,-0.0070030223578215,-0.050549514591694,-0.029207291081548,0.19573314487934,0.0063229217194021,-0.045266374945641,-0.056702617555857,-0.01612575724721,-0.091326028108597,0.010435033589602,0.034448456019163,0.12409069389105,0.050538819283247,0.094506800174713,0.080985486507416,0.05217469856143,-0.01497371122241,0.085547685623169,0.19701017439365,-0.015025112777948,-0.083899475634098,0.021684804931283,-0.062818184494972,-0.13538666069508,0.10723581165075,0.076255559921265,-0.023393899202347,-0.0046224356628954,0.040145646780729,-0.078377179801464,-0.056928280740976,-0.025545770302415,0.091133587062359,-0.019912768155336,0.13683719933033,0.15809115767479,-0.19567596912384,-0.1995554715395,0.10110964626074,0.0023974019568413,0.1031865477562,0.22819764912128,0.054033201187849,-0.16120010614395,-0.084565602242947,0.11606432497501,0.20279386639595,-0.011748312041163,-0.024595759809017,-0.001259713084437,-0.071677975356579,-0.085187271237373,-0.050289999693632,-0.10530124604702,0.098623998463154,0.059577267616987,-0.0092570520937443,-0.13173213601112,-0.086403772234917,0.0063747684471309,0.0589868016541,0.051194690167904,-0.034894820302725,0.052672930061817,0.0023716832511127,-0.032842464745045,0.028155917301774,0.035429514944553,0.0089725535362959,0.062260434031487,0.019800763577223,0.0021859484259039,0.05375948548317,0.076164558529854,0.16899801790714,0.12211081385612,0.016966572031379,-0.039813566952944,0.095123954117298,0.20616611838341,0.15227162837982,0.058025017380714,0.0038323735352606,-0.056539092212915,-0.13982419669628,0.03665292263031,-0.039156228303909,-0.04993287473917,-0.096812963485718,0.10544551163912,-0.066707774996758,-0.10562618076801,-0.0061304066330194,-0.023043712601066,0.05762592330575,-0.065611027181149,-0.010299453511834,0.016920484602451,-0.11923027783632,-0.049761943519115,-0.1171603128314,0.0032562576234341,0.035244181752205,0.043139919638634,0.025300569832325,0.092293530702591,-0.054206639528275,-0.021631607785821,0.14614585042,-0.044074591249228,-0.047794207930565,0.091634467244148,0.11130666732788,0.038854625076056,0.086722828447819,-0.094515897333622,-0.11742594838142,-0.0011609103530645,0.097825787961483,0.12217646837234
-0.05076102539897,0.0029713914263994,0.034582525491714,-0.12019614875317,0.077944375574589,0.087847247719765,0.035022906959057,0.20032103359699,-0.041305560618639,-0.0054155373945832,-0.077907226979733,0.073959283530712,0.095869071781635,-0.093596927821636,0.058423437178135,-0.089009419083595,-0.095032840967178,-0.064817108213902,-0.074854984879494,0.082136251032352,0.055168453603983,-0.032044742256403,0.075338639318943,0.12839935719967,0.035723999142647,-0.12940946221352,0.03613643720746,0.011932634748518,0.048244725912809,-0.011888125911355,0.070615351200104,-0.15068098902702,0.043777577579021,0.10716067999601,-0.11340260505676,-0.085235826671124,-0.04163484275341,-0.064404100179672,-0.1305302977562,0.024413570761681,0.12449380755424,-0.13220903277397,0.10674421489239,0.14707766473293,-0.13648979365826,-0.19621261954308,0.03890885040164,0.042898193001747,0.038364741951227,0.20134399831295,0.019308891147375,-0.13074858486652,-0.069936938583851,-0.012833248823881,0.057425554841757,0.039653547108173,-0.083502523601055,0.093613959848881,0.011119483038783,-0.094363532960415,-0.10866287350655,0.002955031581223,0.0047264196909964,0.015930460765958,-0.062906332314014,-0.039310902357101,-0.052633561193943,-0.10604574531317,-0.14165937900543,-0.054746557027102,-0.079913891851902,0.073403127491474,-0.054775554686785,0.035983730107546,0.075982443988323,0.047163456678391,0.063640117645264,0.0095234634354711,0.10456541180611,0.12545895576477,-0.042567294090986,-0.14859421551228,0.16178706288338,0.16855517029762,0.050960082560778,-0.012137096375227,0.085311338305473,0.10334335267544,0.1298583894968,0.022442355751991,0.0019451746484265,-0.089958146214485,-0.063920542597771,-0.00093724951148033,-0.056741900742054,-0.049126371741295,-0.10485679656267,0.11382648348808,-0.090659312903881,-0.049938462674618,-0.0064557665027678,-8.4896455518901e-05,0.034138776361942,0.073989652097225,-0.082982778549194,0.04190556704998,-0.12940888106823,0.080508656799793,0.02107303775847,-0.09443286806345,0.039105828851461,0.09012807905674,-0.068968705832958,0.07342055439949,-0.076901093125343,0.039354857057333,0.14418210089207,0.08568798750639,0.021749572828412,0.26022824645042,0.05117217078805,-0.034311022609472,-0.1148587167263,-0.0079008536413312,-0.17759117484093,-0.019127117469907,-0.029005734249949,0.070977933704853
-0.047621246427298,0.073618233203888,0.052816972136497,-0.14507959783077,0.089710272848606,0.10575938224792,-0.0043362625874579,0.027484843507409,-0.022111434489489,0.035392813384533,-0.028608459979296,0.023916829377413,0.020253948867321,0.0020218815188855,0.16592571139336,-0.15701074898243,-0.046989891678095,-0.13053366541862,0.12144457548857,-0.034312076866627,-0.0084118582308292,0.13178136944771,0.0096652777865529,0.02163359336555,0.036316376179457,-0.010208775289357,0.029158690944314,-0.01270828768611,0.08528446406126,0.044998973608017,0.097847558557987,-0.24703153967857,0.040802884846926,-0.04274521023035,0.083085164427757,0.045685965567827,0.0078108524903655,-0.039915334433317,-0.014990014955401,0.058576926589012,0.054795224219561,0.0024669759441167,-0.089789867401123,0.086522474884987,-0.14853848516941,0.1259625852108,0.0016034566797316,0.051345381885767,0.015640614554286,-0.015643980354071,-0.039416395127773,0.13887955248356,0.0095568345859647,-0.075203374028206,0.044835954904556,0.040745738893747,-0.060405969619751,0.089457347989082,-0.14424510300159,0.031581420451403,-0.091069757938385,-0.042392574250698,0.063648208975792,-0.0054563814774156,0.083525821566582,-0.14275711774826,0.05079959705472,0.075463965535164,-0.0015420918352902,0.051518220454454,0.10543931275606,0.09022381901741,-0.097553223371506,-0.11467172950506,0.063498020172119,0.13936783373356,-0.12937907874584,0.045664463192225,0.11907600611448,0.16126796603203,-0.056762281805277,-0.027117028832436,0.14434826374054,0.21148358285427,0.061302836984396,-0.17137803137302,0.11762623488903,0.061451159417629,0.012246202677488,0.025239558890462,-0.027605257928371,0.0014462876133621,0.048101950436831,0.094478264451027,-0.10597983002663,-0.23320643603802,0.032488353550434,-0.032527107745409,-0.014232084155083,-0.084772028028965,0.037055052816868,0.13499599695206,-0.029765829443932,-0.13125333189964,-0.16379332542419,0.047003712505102,-0.0032869204878807,-0.039123762398958,0.075728595256805,0.062794856727123,0.16000604629517,-0.075654484331608,-0.11862164735794,0.030257172882557,-0.030314495787024,0.1144151315093,-0.062495075166225,-0.045553609728813,-0.08844318240881,0.16733668744564,0.056076947599649,-0.071945793926716,-0.1412555128336,-0.0031671223696321,-0.023837815970182,0.095282964408398,0.054538812488317,0.10046090185642
-0.051587089896202,0.16468115150928,-0.023343851789832,-0.1208009570837,0.05286018550396,0.046529926359653,0.042028952389956,-0.0438700504601,0.032169118523598,0.03755496814847,0.037742454558611,-0.0098455129191279,0.051452342420816,0.14167049527168,0.13306576013565,-0.16215240955353,0.013147170655429,-0.098049968481064,0.080055825412273,0.006737204734236,-0.043632663786411,0.082814119756222,-0.01698824763298,-0.0039719068445265,0.023191180080175,-0.033699233084917,-0.00063887395663187,0.10236187279224,0.15501144528389,0.10505200177431,0.043073087930679,-0.15883381664753,0.10294020175934,-0.072512537240982,0.073729939758778,0.056630287319422,0.094704799354076,0.095590740442276,-0.0015603861538693,0.016514828428626,0.027573626488447,0.058428436517715,-0.01048528496176,0.026751374825835,-0.1788135766983,0.070980504155159,0.0062320847064257,0.046550285071135,0.05283909663558,-0.046308241784573,-0.12094329297543,0.16629272699356,-2.8204631234985e-05,0.0066548036411405,0.068548284471035,0.059303727000952,-0.11187489330769,0.11248346418142,-0.15580439567566,-0.037874005734921,-0.18811470270157,-0.056032359600067,0.13280981779099,-0.06535343080759,0.032265610992908,0.071167670190334,0.077267706394196,0.028774606063962,-0.068858288228512,-0.030530048534274,0.13237789273262,0.029526598751545,-0.032266069203615,-0.033010449260473,0.15656593441963,0.10869085043669,-0.08021829277277,-0.041475869715214,0.1001473814249,0.027987824752927,-0.013618221506476,0.021860655397177,0.09906292706728,0.13703346252441,0.1020425260067,-0.10596260428429,0.015281219035387,0.046601753681898,0.092947527766228,0.059124559164047,0.013548765331507,-0.1103251427412,0.081138104200363,0.029345670714974,-0.023055780678988,-0.31113094091415,-0.0025250746402889,0.011314586736262,0.026408476755023,-0.068329408764839,-0.018524035811424,0.11828019469976,0.060968820005655,-0.080054834485054,-0.24326592683792,0.15514697134495,0.049488052725792,-0.032834775745869,0.13067129254341,0.011999225243926,0.15358017385006,-0.064324758946896,-0.10821948945522,0.10705786943436,-0.055915582925081,0.042047385126352,-0.016227735206485,-0.02731304243207,-0.021520832553506,0.097191818058491,0.04691106826067,-0.11346963047981,-0.092640094459057,0.028305010870099,-0.029108760878444,0.097031645476818,0.062328860163689,0.077519647777081
-0.059477884322405,0.10154175013304,0.03161796182394,-0.13112163543701,0.031572114676237,0.05122248083353,-0.012318921275437,0.013329180888832,-0.060977518558502,0.046035811305046,-0.011122790165246,0.0095120565965772,0.022888068109751,0.024187995120883,0.13300696015358,-0.15783143043518,-0.035332832485437,-0.14275233447552,0.17481523752213,0.01120718754828,-0.021683439612389,0.093891315162182,-0.030264349654317,0.049392741173506,0.023165946826339,0.032672617584467,0.048263192176819,-0.0080252336338162,0.091755658388138,0.071213439106941,0.013620238751173,-0.30114364624023,0.07450395822525,-0.061092771589756,0.094790585339069,0.035676945000887,0.049982819706202,0.00075849500717595,-0.019272925332189,0.032034121453762,0.013832742348313,0.003328540828079,-0.034848943352699,0.080736331641674,-0.12476443499327,0.1569167226553,0.066238075494766,0.017808198928833,-0.02455990575254,-0.022756148129702,-0.056734640151262,0.10129900276661,0.02931148186326,-0.026443686336279,0.10747585445642,0.05837232992053,-0.07928454875946,0.081025458872318,-0.1183614730835,-0.015923285856843,-0.064922913908958,-0.041504584252834,0.082189038395882,-0.00086009496590123,0.073806956410408,-0.087785355746746,0.052810039371252,0.024670058861375,0.010586866177619,-0.045752551406622,0.084726080298424,0.037304077297449,-0.082649908959866,-0.10768144577742,0.13077199459076,0.13992515206337,-0.12089724093676,0.071673341095448,0.15980395674706,0.14449021220207,-0.057549141347408,-0.022428093478084,0.10856165736914,0.17352563142776,0.062743686139584,-0.13543590903282,0.065854370594025,0.042148265987635,0.056405194103718,0.0379300378263,-0.035289496183395,-0.013847808353603,0.082071781158447,0.074434176087379,-0.11724826693535,-0.24606981873512,0.056217636913061,-0.017677266150713,0.035563983023167,-0.11651708930731,0.013400972820818,0.15225228667259,0.0044895252212882,-0.15565845370293,-0.21422845125198,0.079397477209568,0.028780937194824,-0.027071196585894,0.029958387836814,0.051274809986353,0.19347536563873,-0.088065780699253,-0.087692640721798,0.00076960073783994,-0.064859487116337,0.11263965815306,-0.077933274209499,-0.068276174366474,-0.11560067534447,0.094206124544144,0.014921739697456,-0.091203071177006,-0.12885269522667,-0.010421755723655,-0.038647666573524,0.13556583225727,0.049896761775017,0.069513015449047
-0.021472418680787,0.13833194971085,0.12221676111221,-0.055103439837694,-0.053989004343748,0.11335033178329,-0.099177002906799,0.1088866814971,-0.011034580878913,-0.02977030724287,-0.00089130882406607,0.0091519812121987,-0.08712325245142,-0.18211589753628,-0.048528641462326,0.01569564640522,-0.16278082132339,-0.081267468631268,-0.020143024623394,-0.039676923304796,0.14453868567944,0.081074446439743,0.042575437575579,-0.031192509457469,0.0055195507593453,0.070437073707581,0.06594667583704,-0.10724217444658,0.036143772304058,-0.030763655900955,-0.011030720546842,-0.1691113114357,0.01559685356915,0.082584366202354,0.013781674206257,-0.034440990537405,-0.01889050193131,0.086844511330128,-0.01840078830719,0.082741677761078,-0.065006762742996,-0.056232705712318,-0.051645625382662,0.077416807413101,0.031417891383171,0.0310248285532,0.12109036743641,-0.12287888675928,-0.15513752400875,0.11299317330122,0.10052847862244,0.17362588644028,-0.11364447325468,0.071634657680988,0.091142915189266,-0.014245219528675,0.10995329916477,-0.064351662993431,-0.046730883419514,-0.13400097191334,0.035204704850912,-0.12675413489342,0.081508904695511,0.012162870727479,0.075281724333763,-0.24149146676064,0.0036903894506395,0.040367007255554,0.062412980943918,0.26374110579491,0.0064021227881312,0.048883084207773,-0.0683673620224,0.018065888434649,0.021889144554734,-0.037532351911068,-0.092317588627338,0.1420543640852,-0.0046660825610161,0.092343673110008,-0.090826869010925,0.062230437994003,0.12504898011684,0.10007355362177,-0.01011519972235,-0.1025255843997,0.074161857366562,0.078866727650166,0.089488483965397,0.042061116546392,-0.039338357746601,-0.070046506822109,-0.103869125247,0.059972994029522,-0.022632099688053,-0.037425726652145,0.079902872443199,0.059659216552973,-0.024279870092869,-0.0098558543249965,-0.026138383895159,0.10874855518341,-0.1080964282155,0.018161453306675,-0.0021268646232784,-0.050455387681723,-0.035722807049751,0.011760211549699,0.017645385116339,-0.10843674838543,0.018467055633664,0.074563510715961,-0.11812712997198,0.001356924767606,0.15128789842129,0.056277450174093,0.0092189004644752,-0.16328363120556,0.033180020749569,0.071769654750824,0.073383495211601,0.12668710947037,0.090269424021244,-0.031770586967468,0.11280401051044,0.0084179844707251,0.26440584659576,0.079324282705784
-0.0090784328058362,0.1271905452013,0.0053592100739479,-0.10773998498917,0.066834889352322,0.11462994664907,-0.01587357185781,-0.035703469067812,0.05559628456831,-0.056509487330914,0.060405563563108,0.0051513984799385,0.029595768079162,0.068030945956707,0.089252963662148,-0.15926349163055,-0.015246981754899,-0.089895591139793,0.036307960748672,0.017111696302891,0.018673295155168,0.12279552966356,0.0071445796638727,0.071308113634586,0.049332112073898,-0.054195191711187,0.059604540467262,0.085945963859558,0.13976581394672,0.070805735886097,0.10103436559439,-0.23407046496868,0.064938373863697,-0.032698787748814,0.068634562194347,0.064414300024509,0.032891090959311,0.038895957171917,-0.027998125180602,0.026895871385932,0.042064994573593,0.050154764205217,-0.034041415899992,0.10163984447718,-0.16956834495068,-0.017109422013164,0.00046830545761622,0.073507882654667,0.058927018195391,0.032393738627434,-0.098400749266148,0.15643092989922,-0.0029120647814125,-0.0079643493518233,0.064404271543026,0.034442130476236,-0.13498777151108,0.14474529027939,-0.14174297451973,-0.085150219500065,-0.2036215364933,-0.046855166554451,0.18615826964378,-0.044339321553707,-0.0034014461562037,-0.0031541683711112,0.08796650916338,-0.0016250136541203,-0.076581805944443,0.047274794429541,0.099584601819515,0.028600813820958,-0.031630698591471,-0.04279875010252,0.12331603467464,0.044805902987719,-0.081159494817257,-0.027935834601521,0.079272426664829,0.11686582118273,0.017425574362278,0.02087033726275,0.13755466043949,0.10735259950161,0.10223827511072,-0.11773084849119,0.02852538973093,0.062801390886307,0.062292765825987,0.07954628765583,0.061389174312353,-0.11916474252939,0.029257146641612,0.053594902157784,-0.017938438802958,-0.28733751177788,-0.035657219588757,0.016100505366921,-0.0055025503970683,-0.081691101193428,-0.0054031633771956,0.13340777158737,0.032685041427612,-0.088699623942375,-0.21422512829304,0.14534103870392,0.046369105577469,-0.045809119939804,0.12447719275951,-0.0077195214107633,0.17280848324299,-0.01704441010952,-0.10503750294447,0.14293822646141,-0.032319966703653,0.06323653459549,-0.010081517510116,-0.0055839228443801,-0.0052419323474169,0.13462388515472,0.055186290293932,-0.10725500434637,-0.09577053040266,-0.0017469021258876,-0.03608824685216,0.089188754558563,0.10215833038092,0.096481397747993
0.10056576877832,0.044418301433325,-0.08840524405241,0.037585489451885,0.029875511303544,0.10676105320454,-0.021101340651512,-0.034884713590145,-0.0056534889154136,-0.16608668863773,0.098727874457836,0.14717155694962,-0.034309219568968,-0.16248846054077,-0.19860416650772,-0.045820061117411,-0.13065819442272,0.043481007218361,-0.056651540100574,0.039436381310225,0.13676737248898,0.11429463326931,-0.00071495556039736,0.018956588581204,0.021698161959648,-0.01486448943615,0.095245562493801,-0.074095599353313,-0.054454360157251,0.14360404014587,-0.1051379442215,-0.17314158380032,-0.0080119445919991,0.008914140984416,0.033124648034573,-0.1016538515687,-0.071250759065151,-0.085413172841072,0.0057218023575842,0.048982970416546,-0.012017061002553,0.017267838120461,0.022066930308938,0.21897609531879,-0.14255458116531,-0.087221659719944,0.10755687952042,-0.099085345864296,-0.01458297111094,0.15346941351891,0.11106766760349,0.078152976930141,-0.077868901193142,0.088819608092308,0.057348143309355,-0.060530450195074,0.010497900657356,0.0020223963074386,-0.055140573531389,-0.059839218854904,-0.010839123278856,-0.11093033105135,0.19808031618595,0.058229465037584,-0.055642530322075,-0.26614198088646,0.027280507609248,-0.047648414969444,0.045410647988319,0.07272244989872,0.08373798429966,0.025836270302534,0.059022638946772,-0.060682255774736,-0.032159447669983,0.027964076027274,-0.1173679381609,-0.025167992338538,-0.090384893119335,0.1894363462925,0.037528414279222,0.05738778039813,0.12757678329945,0.090353943407536,-0.024904847145081,0.066040880978107,0.053526367992163,-0.038640458136797,-0.011739606969059,0.00024425965966657,-0.048483889549971,-0.13784627616405,-0.17467187345028,0.0036955312825739,-0.079888947308064,-0.16904634237289,-0.029217908158898,0.017544265836477,-0.015126192010939,-0.078457929193974,-0.010819545947015,0.13104628026485,0.094852134585381,0.02921050786972,-0.049046400934458,-0.023437583819032,0.016710730269551,0.17487893998623,-0.1000128313899,0.010323597118258,0.12734910845757,-0.054874897003174,-0.077446699142456,0.069817170500755,-0.060672827064991,0.06528552621603,-0.014084801077843,0.0026503831613809,0.022568296641111,0.023991728201509,-0.0040560597553849,0.024335831403732,0.0090942680835724,-0.07930114120245,0.079741895198822,0.0026242891326547,0.15088766813278,0.11158348619938
